Workbook
Name Status: 'Reference'!$A$4:$A$12
Name Formats: 'Reference'!$C$4:$C$7
Name Categories: 'Reference'!$E$4:$E$10
Name MeatType: 'Reference'!$G$4:$G$15
Name ChocolateType: 'Reference'!$I$4:$I$7
Name ChocolateSupplement: 'Reference'!$K$4:$K$6
Name LabelModes: 'Reference'!$T$4:$T$9
Name CompositeQuantityType: 'Reference'!$AE$4:$AE$5
Name TimePeriod: 'Reference'!$AK$4:$AK$8
Name Allergens: 'Reference'!$Y$4:$Y$17
Name Suppliers: 'Reference'!$O$4:$O$173
Name Countries: 'Reference'!$M$4:$M$244
Name Additive: 'Reference'!$AA$4:$AA$333
Name Function: 'Reference'!$AC$4:$AC$33
Name AfterOpenTimePeriod: 'Reference'!$AM$4:$AM$9

Sheet Ingredients
A1: Code | B1: Description | C1: New Code | D1: Parent Code | E1: Parent Description | F1: Parent Out of Date | G1: Update With Parent Nutritionals | H1: Scale Costs | I1: Source Of Data | J1: Ext. Code | K1: Data Set | L1: Status | M1: Format | N1: Additive | O1: Function | P1: Default Label Name | Q1: Default Label Mode | R1: QUID by Default | S1: Comments | T1: Total Shelf Life | U1: Total Shelf Life Period | V1: Total Shelf Life Comment | W1: Min. Shelf Life On Arrival | X1: Min. Shelf Life On Arrival Period | Y1: Min. Shelf Life On Arrival Comment | Z1: Shelf Life After Opening | AA1: Shelf Life After Opening Period | AB1: Shelf Life After Opening Comment | AC1: LeadTime | AD1: LeadTimePeriod | AE1: Min. Order Quantity | AF1: Hydration | AG1: Default Transfer Yield % | AH1: Cost | AI1: Supply Unit | AJ1: Category | AK1: Nutritional Weight | AL1: Energy (kJ) | AM1: Energy (kcal) | AN1: Protein | AO1: Fat | AP1: Fat - Saturates | AQ1: Fat - Monounsaturates | AR1: Fat - Polyunsaturates | AS1: Fat - Trans | AT1: Carbohydrate | AU1: Starch | AV1: Sugars | AW1: Polyols | AX1: Added Sugars | AY1: Fibre | AZ1: Sodium | BA1: Salt | BB1: Moisture | BC1: Nitrogen | BD1: Alcohol | BE1: Cholesterol | BF1: Ash | BG1: Caffeine | BH1: Potassium | BI1: Calcium | BJ1: Magnesium | BK1: Phosphorus | BL1: Iron | BM1: Copper | BN1: Zinc | BO1: Chloride | BP1: Manganese | BQ1: Selenium | BR1: Iodide | BS1: Retinol | BT1: Carotene | BU1: Vitamin A | BV1: Vitamin A (µg) | BW1: Vitamin C | BX1: Vitamin D (µg) | BY1: Vitamin D (IU) | BZ1: Vitamin E | CA1: Vitamin E (IU) | CB1: Thiamin | CC1: Riboflavin | CD1: Niacin | CE1: Tryptophan 60 | CF1: Tryptophan 60 (g) | CG1: Vitamin B6 | CH1: Vitamin B12 | CI1: Folate | CJ1: Pantothenate | CK1: Biotin | CL1: Cut Name | CM1: Is VL | CN1: Meat Fat | CO1: Meat Protein | CP1: Meat Collagen | CQ1: Meat Type | CR1: Raw Meat Equivalent | CS1: QUID as FSA | CT1: Chocolate Type | CU1: Chocolate Supplement | CV1: Cocoa Solids | CW1: Cocoa Butter | CX1: Milk Solids | CY1: Milk Fat | CZ1: Contains Vegetable Fat In Addition To Cocoa Butter | DA1: Supplier Comments | DB1: Countries of Origin | DC1: Countries of Manufacture | DD1: Tags
A2: NPD-I10748 | B2: Ground Cinnamon (AF, 500g) | D2: 13-874 | E2: Cinnamon, ground | F2: No | G2: No | H2: Yes | I2: Supplier specification | J2: P0018577 | K2: The Newt in Somerset | L2: Approved | M2: Ambient | N2: None | O2: None | P2: Cinnamon | Q2: Breakdown | R2: No | S2: Literature sources | T2: 18 | U2: Months | W2: 9 | X2: Months | AD2: Days | AE2: 0 | AF2: 0 | AG2: 100 | AH2: 5.75 | AI2: Tub | AJ2: Dry Goods | AK2: 100 | AL2: 1035 | AM2: 247 | AN2: 3.99 | AO2: 1.24 | AP2: 0 | AT2: 80.59 | AV2: 2 | AY2: 53.1 | AZ2: 10.00 | BA2: 0.025 | BC2: 0.64 | BD2: 0.0 | BH2: 431 | BI2: 1002 | BJ2: 60 | BK2: 64 | BL2: 8.32 | BM2: 0.34 | BN2: 1.8 | BO2: N | BP2: 17.47 | BQ2: 3 | BR2: N | BS2: 0 | BT2: 177 | BW2: 4 | BX2: 0.0 | BZ2: N | CA2: N | CB2: 0.02 | CC2: 0.04 | CD2: 1.3 | CE2: N | CG2: 0.16 | CH2: 0.0 | CI2: 6 | CJ2: 0.36 | CK2: N | CM2: No | DB2: Indonesia | DC2: United Kingdom
A3: NPD-I10752 | B3: Fresh Yeast, Mauri | D3: 17-378 | E3: Yeast, bakers, compressed | F3: No | G3: No | H3: Yes | I3: Nutritional from supplier specification. | J3: P0000650 Wellocks | K3: The Newt in Somerset | L3: Approved | M3: Chilled | N3: None | O3: None | P3: Yeast | Q3: Breakdown | R3: No | S3: Literature sources Saccharomyces cerevisiae | T3: 28 | U3: Days | AD3: Days | AE3: 0 | AF3: 0 | AG3: 100 | AH3: 2.68 | AI3: Kilograms | AJ3: Dry Goods | AK3: 100 | AL3: 457 | AM3: 108 | AN3: 15.9 | AO3: 1.6 | AP3: 0.23 | AT3: 9.8 | AU3: 0.01 | AY3: 4.4 | AZ3: 19.8 | BA3: 0.0495 | BC3: 2.02 | BD3: 0.0 | BH3: 610 | BI3: 25 | BJ3: 59 | BK3: 390 | BL3: 5.00 | BM3: 1.60 | BN3: 3.2 | BO3: 20 | BP3: N | BQ3: N | BR3: N | BS3: 0 | BT3: Tr | BW3: Tr | BX3: 0.0 | BZ3: Tr | CA3: Tr | CB3: 0.71 | CC3: 1.70 | CD3: 11.0 | CE3: 2.0 | CG3: 0.60 | CH3: Tr | CI3: 1250 | CJ3: 3.50 | CK3: 60.0 | CM3: No | DB3: United Kingdom | DC3: United Kingdom
A4: NPD-I10753 | B4: Salt Sea Fine (WOAFSEA10) | D4: 17-367 | E4: Salt | F4: No | G4: No | H4: Yes | I4: Copied from McCance and Widdowson (17-367) | J4: P0001426 | K4: The Newt in Somerset | L4: Approved | M4: Ambient | N4: None | O4: None | P4: Sea Salt | Q4: Breakdown | R4: No | S4: 2 samples, table salt Additive free sea salt | T4: 10 | U4: Years | AD4: Days | AE4: 0 | AF4: 0 | AG4: 100 | AH4: 8.93 | AI4: Bag | AJ4: Dry Goods | AK4: 100 | AL4: 0 | AM4: 0 | AN4: 0.0 | AO4: 0.0 | AP4: 0.00 | AQ4: 0.00 | AR4: 0.00 | AS4: 0.00 | AT4: 0.0 | AU4: 0.0 | AV4: 0.0 | AY4: 0.0 | AZ4: 40000.00 | BA4: 100.0000 | BB4: Tr | BC4: 0.00 | BD4: 0.0 | BE4: 0.0 | BH4: 89 | BI4: 10 | BJ4: 76 | BK4: 1 | BL4: 0.30 | BM4: 0.08 | BN4: 0.1 | BO4: 59900 | BP4: Tr | BQ4: N | BR4: 0.044 | BS4: 0 | BT4: 0 | BW4: 0 | BX4: 0.0 | BZ4: 0.00 | CA4: 0 | CB4: 0.00 | CC4: 0.00 | CD4: 0.0 | CE4: 0.0 | CG4: 0.00 | CH4: 0.0 | CI4: 0 | CJ4: 0.00 | CK4: 0.0 | CM4: No | DB4: Israel | DC4: Israel
A5: NPD-I10754 | B5: Whole Milk | D5: 12-596 | E5: Milk, whole, pasteurised, average | F5: No | G5: No | H5: Yes | I5: Information from product specification from Bruton Dairy | J5: P0000522 Wellocks | K5: The Newt in Somerset | L5: Approved | N5: None | O5: None | P5: Whole Milk | Q5: Breakdown | R5: No | S5: Average of summer/autumn and winter/spring standardised milk. Analytical data, 1995-1996; and industry data | T5: 11 | U5: Days | Z5: 4 | AA5: Days | AD5: Days | AE5: 0 | AF5: 0 | AG5: 100 | AH5: 2.39 | AI5: 2 Litres | AJ5: Dairy & Eggs | AK5: 100 | AL5: 282 | AM5: 68 | AN5: 3.4 | AO5: 4 | AP5: 2.6 | AT5: 4.7 | AV5: 4.7 | BA5: 0.1 | BC5: 0.53 | BD5: 0.0 | BH5: 157 | BI5: 120 | BJ5: 11 | BK5: 96 | BL5: 0.02 | BM5: Tr | BN5: 0.5 | BO5: 89 | BP5: Tr | BQ5: 1 | BR5: 0.031 | BS5: 36 | BT5: 14 | BW5: 2 | BX5: Tr | BZ5: 0.06 | CA5: 0.089544 | CB5: 0.03 | CC5: 0.23 | CD5: 0.2 | CE5: 0.6 | CG5: 0.06 | CH5: 0.9 | CI5: 8 | CJ5: 0.58 | CK5: 2.5 | CM5: No | DB5: United Kingdom | DC5: United Kingdom
A6: NPD-I10755 | B6: Dark Brown Soft Sugar, Tate & Lyle | D6: 17-060 | E6: Sugar, brown | F6: No | G6: No | H6: Yes | I6: Copied from Ritter Courivaud specification. | K6: The Newt in Somerset | L6: Approved | M6: Ambient | N6: None | O6: None | P6: Brown Sugar | Q6: Breakdown | R6: No | S6: 3 samples | T6: 730 | U6: Days | V6: 720 days from production. | AD6: Days | AE6: 0 | AF6: 0 | AG6: 100 | AH6: 6.91 | AI6: Bag | AJ6: Dry Goods | AK6: 100 | AL6: 1700 | AM6: 400 | AN6: 0.1 | AO6: 0 | AP6: 0 | AQ6: 0 | AR6: 0 | AT6: 100 | AV6: 100 | AZ6: 0.031 | BA6: 0.08 | BC6: 0.02 | BD6: 0.0 | BH6: 140 | BI6: 56 | BJ6: 17 | BK6: 4 | BL6: 1.70 | BM6: 0.06 | BN6: 0.1 | BO6: N | BP6: Tr | BQ6: Tr | BR6: Tr | BS6: 0 | BT6: 0 | BW6: 0 | BX6: 0.0 | BZ6: 0.00 | CA6: 0 | CB6: Tr | CC6: Tr | CD6: Tr | CE6: Tr | CG6: Tr | CH6: 0.0 | CI6: Tr | CJ6: Tr | CK6: Tr | CM6: No | DB6: United Kingdom | DC6: United Kingdom
A7: NPD-I10756 | B7: Water | D7: 17-377 | E7: Water, distilled | F7: No | G7: No | H7: Yes | I7: Copied from McCance and Widdowson | K7: The Newt in Somerset | L7: Approved | N7: None | O7: None | P7: Water | Q7: Breakdown | R7: No | S7: Included for recipe calculation, Wessex Water Water Supply Report uploaded Wessex water new report available on website February/March https://www.wessexwater.co.uk/your-water/water-quality | T7: 100 | U7: Years | V7: No shelf life needed | AD7: Days | AE7: 0 | AF7: 0 | AG7: 100 | AH7: 0.001 | AI7: Kilograms | AJ7: Unassigned | AK7: 100 | AL7: 0 | AM7: 0 | AN7: 0.0 | AO7: 0.0 | AP7: 0.00 | AQ7: 0.00 | AR7: 0.00 | AS7: 0.00 | AT7: 0.0 | AU7: 0.0 | AV7: 0.0 | AY7: 0.0 | AZ7: 0 | BA7: 0 | BB7: 100.0 | BC7: 0.00 | BD7: 0.0 | BE7: 0.0 | BH7: 0 | BI7: 0 | BJ7: 0 | BK7: 0 | BL7: 0.00 | BM7: 0.00 | BN7: 0.0 | BO7: 0 | BP7: 0.00 | BQ7: 0 | BR7: 0 | BS7: 0 | BT7: 0 | BW7: 0 | BX7: 0.0 | BZ7: 0.00 | CA7: 0 | CB7: 0.00 | CC7: 0.00 | CD7: 0.0 | CE7: 0.0 | CG7: 0.00 | CH7: 0.0 | CI7: 0 | CJ7: 0.00 | CK7: 0.0 | CM7: No | DB7: United Kingdom | DC7: United Kingdom
A8: NPD-I10758 | B8: WILDFARMED BREAD FLOUR (T65) | D8: 11-886 | E8: Flour, wheat, white, plain, soft | F8: No | G8: No | H8: Yes | I8: Copied from McCance and Widdowson | J8: WFWBREAD16 | K8: The Newt in Somerset | L8: Approved | M8: Ambient | N8: None | O8: None | P8: Wheat Flour | Q8: Breakdown | R8: No | S8: 14 samples, 12 products | T8: 12 | U8: Months | AD8: Days | AE8: 0 | AF8: 0 | AG8: 100 | AH8: 18.4 | AI8: Trade Paper Sack | AJ8: Dry Goods | AK8: 100 | AL8: 1501 | AM8: 352 | AN8: 9.1 | AO8: 1.4 | AP8: 0.44 | AQ8: 0.23 | AR8: 0.24 | AS8: Tr | AT8: 80.9 | AU8: 80.3 | AV8: 0.6 | AY8: 4.0 | AZ8: 2 | BA8: 0.005 | BB8: 11.6 | BC8: 1.60 | BD8: 0.0 | BE8: 0.0 | BH8: 175 | BI8: 96 | BJ8: 23 | BK8: 114 | BL8: 1.94 | BM8: 0.15 | BN8: 0.7 | BO8: 143 | BP8: 0.70 | BQ8: 3 | BR8: Tr | BS8: 0 | BT8: 0 | BW8: 0 | BX8: 0.0 | BZ8: 0.59 | CA8: 0.880516 | CB8: 0.28 | CC8: 0.05 | CD8: 1.7 | CE8: 2.0 | CG8: 0.18 | CH8: 0.0 | CI8: 16 | CJ8: 0.44 | CK8: 1.8 | CM8: No | DB8: United Kingdom | DC8: United Kingdom
A9: NPD-I10759 | B9: WILDFARMED RUSTIC FLOUR (T80) | D9: 11-887 | E9: Flour, wheat, bread/strong, white | F9: No | G9: No | H9: Yes | I9: Copied from McCance and Widdowson | J9: WFRUSTIC16 | K9: The Newt in Somerset | L9: Approved | M9: Ambient | N9: None | O9: None | P9: Wheat Flour | Q9: Breakdown | R9: No | S9: 10 samples, 9 products | T9: 12 | U9: Months | AD9: Days | AE9: 0 | AF9: 0 | AG9: 100 | AH9: 24.91 | AI9: Trade Paper Sack | AJ9: Dry Goods | AK9: 100 | AL9: 1578 | AM9: 372 | AN9: 11.6 | AO9: 0.7 | AP9: 0.15 | AT9: 77.77 | AV9: 1.13 | AY9: 4.1 | AZ9: 2.00 | BA9: 0.005 | BC9: 1.98 | BD9: 0.0 | BH9: 166 | BI9: 134 | BJ9: 26 | BK9: 128 | BL9: 1.92 | BM9: 0.15 | BN9: 0.8 | BO9: 98 | BP9: 0.67 | BQ9: 9 | BR9: Tr | BS9: 0 | BT9: 0 | BW9: 0 | BX9: 0.0 | BZ9: 0.43 | CA9: 0.641732 | CB9: 0.30 | CC9: 0.03 | CD9: 1.8 | CE9: 2.3 | CG9: 0.15 | CH9: 0.0 | CI9: 16 | CJ9: 0.30 | CK9: 1.0 | CM9: No | DB9: United Kingdom | DC9: United Kingdom
A10: NPD-I10762 | B10: Ground Almonds, Patisfrance | D10: 14-870 | E10: Almonds, flaked and ground | F10: No | G10: No | H10: Yes | I10: Copied from Ritter product specification. | K10: The Newt in Somerset | L10: Approved | M10: Ambient | N10: None | O10: None | P10: Almonds | Q10: Breakdown | R10: No | S10: 10 samples | T10: 365 | U10: Days | AD10: Days | AE10: 0 | AF10: 0 | AG10: 100 | AH10: 12.26 | AI10: Bag | AJ10: Dry Goods | AK10: 100 | AL10: 2610 | AM10: 631 | AN10: 21.4 | AO10: 52.5 | AP10: 3.95 | AT10: 8.79 | AV10: 4.63 | AY10: 9.9 | AZ10: 20.00 | BA10: 0.05 | BC10: 4.07 | BD10: 0.0 | BH10: 780 | BI10: 240 | BJ10: 270 | BK10: 550 | BL10: 3.00 | BM10: 1.00 | BN10: 3.2 | BO10: 18 | BP10: 1.70 | BQ10: 2 | BR10: 0.002 | BS10: 0 | BT10: 0 | BW10: 0 | BX10: 0.0 | BZ10: 23.96 | CA10: 35.757904 | CB10: 0.21 | CC10: 0.75 | CD10: 3.1 | CE10: 3.4 | CG10: 0.15 | CH10: 0.0 | CI10: 48 | CJ10: 0.44 | CK10: 64.0 | CM10: No | DB10: France | DC10: France
A11: NPD-I10763 | B11: Peeled Green Pistachio Nuts Afropol | D11: 14-840 | E11: Pistachio nuts, kernel only, roasted and salted | F11: No | G11: No | H11: Yes | I11: Copied from Ritter Courivaud specification. | J11: 100124 | K11: The Newt in Somerset | L11: Approved | N11: None | O11: None | P11: Pistachios | Q11: Breakdown | R11: No | S11: 10 samples | T11: 360 | U11: Days | W11: 90 | X11: Days | AD11: Days | AE11: 0 | AF11: 0 | AG11: 100 | AH11: 45.95 | AI11: Bag | AJ11: Dry Goods | AK11: 100 | AL11: 2549 | AM11: 616 | AN11: 20.6 | AO11: 51.6 | AP11: 8.6 | AT11: 11.5 | AV11: 2.8 | AY11: 11.5 | AZ11: 12.00 | BA11: 0.03 | BC11: 3.38 | BD11: 0.0 | BH11: 1040 | BI11: 110 | BJ11: 130 | BK11: 420 | BL11: 3.00 | BM11: 0.83 | BN11: 2.2 | BO11: 810 | BP11: 0.90 | BQ11: 6 | BR11: N | BS11: 0 | BT11: 130 | BW11: 0 | BX11: 0.0 | BZ11: 4.16 | CA11: 6.208384 | CB11: 0.70 | CC11: 0.23 | CD11: 1.7 | CE11: 3.9 | CG11: N | CH11: 0.0 | CI11: 58 | CJ11: N | CK11: N | CM11: No | DB11: Iran | DC11: United Kingdom
A12: NPD-I10764 | B12: Almond Ground Fine, Wellocks | D12: 14-870 | E12: Almonds, flaked and ground | F12: No | G12: No | H12: Yes | I12: Copied from Wellocks product specification. | J12: P0000035 | K12: The Newt in Somerset | L12: Approved | M12: Ambient | N12: None | O12: None | P12: Almonds | Q12: Breakdown | R12: No | S12: 10 samples Blanched Almonds, ground into a free glowing powder. | T12: 365 | U12: Days | W12: 90 | X12: Days | AD12: Days | AE12: 0 | AF12: 0 | AG12: 100 | AH12: 12.75 | AI12: Bag | AJ12: Dry Goods | AK12: 100 | AL12: 2600 | AM12: 629 | AN12: 21.1 | AO12: 55.8 | AP12: 4.4 | AT12: 6.9 | AV12: 4.2 | AY12: 7.4 | AZ12: 4 | BA12: 0.01 | BC12: 4.07 | BD12: 0.0 | BH12: 780 | BI12: 240 | BJ12: 270 | BK12: 550 | BL12: 3.00 | BM12: 1.00 | BN12: 3.2 | BO12: 18 | BP12: 1.70 | BQ12: 2 | BR12: 0.002 | BS12: 0 | BT12: 0 | BW12: 0 | BX12: 0.0 | BZ12: 23.96 | CA12: 35.757904 | CB12: 0.21 | CC12: 0.75 | CD12: 3.1 | CE12: 3.4 | CG12: 0.15 | CH12: 0.0 | CI12: 48 | CJ12: 0.44 | CK12: 64.0 | CM12: No | DB12: Italy, Spain, United States | DC12: United Kingdom
A13: NPD-I10765 | B13: Cream Double (2l) | D13: 12-334 | E13: Cream, fresh, double, including Jersey cream | F13: No | G13: No | H13: Yes | I13: Copied from McCance and Widdowson | J13: P0001145 | K13: The Newt in Somerset | L13: Approved | M13: Chilled | N13: None | O13: None | P13: Double Cream | Q13: Breakdown | R13: No | S13: Average of 22 samples of summer and winter cream | T13: 11 | U13: Days | AD13: Days | AE13: 0 | AF13: 0 | AG13: 100 | AH13: 11.83 | AI13: 2 litres | AJ13: Dairy & Eggs | AK13: 100 | AL13: 1919 | AM13: 466 | AN13: 1.5 | AO13: 48 | AP13: 30 | AT13: 1.6 | AV13: 1.6 | AZ13: 40.00 | BA13: 0.10 | BC13: 0.25 | BD13: 0.0 | BH13: 65 | BI13: 49 | BJ13: 5 | BK13: 52 | BL13: 0.06 | BM13: Tr | BN13: 0.2 | BO13: 36 | BP13: Tr | BQ13: 3 | BR13: 0.035 | BS13: 779 | BT13: 483 | BW13: 1 | BX13: 0.3 | BZ13: 1.64 | CA13: 2.447536 | CB13: 0.02 | CC13: 0.19 | CD13: Tr | CE13: 0.3 | CG13: 0.01 | CH13: 0.6 | CI13: 7 | CJ13: 0.23 | CK13: 0.9 | CM13: No | DB13: United Kingdom | DC13: United Kingdom
A14: NPD-I10778 | B14: Baking Powder (AF) | D14: 17-355 | E14: Baking powder | F14: No | G14: No | H14: Yes | I14: Copied from Wellocks product specification. | J14: P0018500 | K14: The Newt in Somerset | L14: Approved | M14: Dried | N14: None | O14: None | Q14: Merge | R14: No | S14: 6 samples of the same brand White fine silky powder. | T14: 9 | U14: Months | AD14: Days | AE14: 0 | AF14: 0 | AG14: 100 | AH14: 5.52 | AI14: Kilograms | AJ14: Dry Goods | AK14: 100 | AL14: 489 | AM14: 114.9 | AN14: 2.19 | AO14: 1.08 | AP14: 0.27 | AT14: 25.7 | AV14: 0.0 | AY14: 0.0 | AZ14: 15088.00 | BA14: 37.72 | BC14: 0.91 | BD14: 0.0 | BH14: 49 | BI14: 1130 | BJ14: 9 | BK14: 8430 | BL14: Tr | BM14: Tr | BN14: 2.8 | BO14: 29 | BP14: Tr | BQ14: Tr | BR14: Tr | BS14: 0 | BT14: 0 | BW14: 0 | BX14: 0.0 | BZ14: Tr | CA14: Tr | CB14: Tr | CC14: Tr | CD14: Tr | CE14: 1.0 | CG14: Tr | CH14: 0.0 | CI14: Tr | CJ14: Tr | CK14: Tr | CM14: No | DB14: United Kingdom | DC14: United Kingdom
A15: NPD-I10784 | B15: Nielsen Massey Vanilla Bean Paste 530ml | F15: No | G15: No | H15: Yes | J15: RBOPASTE530UK | K15: The Newt in Somerset | L15: Approved | N15: None | O15: None | P15: Vanilla Paste | Q15: Breakdown | R15: No | T15: 365 | U15: Days | W15: 365 | X15: Days | AC15: 5 | AD15: Days | AE15: 0 | AF15: 0 | AG15: 100 | AH15: 88.15 | AI15: Tub | AJ15: Dry Goods | AK15: 100 | AL15: 1214 | AM15: 290 | AN15: 0.26 | AO15: 1.01 | AP15: 0.24 | AT15: 53.03 | AV15: 50.34 | AY15: 3.3 | AZ15: 4.00 | BA15: 0.01 | CM15: No | DB15: United States | DC15: United Kingdom
A16: NPD-I10785 | B16: Self Raising Flour (SRWT25) | D16: 11-888 | E16: Flour, wheat, white, self raising | F16: No | G16: No | H16: Yes | I16: Copied from Wellocks product specification | J16: P0008312 | K16: The Newt in Somerset | L16: Approved | M16: Ambient | N16: None | O16: None | P16: Self Raising Flour | Q16: Breakdown | R16: No | S16: 12 samples, 10 samples | T16: 9 | U16: Months | AD16: Days | AE16: 0 | AF16: 0 | AG16: 100 | AH16: 24.72 | AI16: Sack | AJ16: Dry Goods | AK16: 100 | AL16: 1411 | AM16: 333 | AN16: 10 | AO16: 1.6 | AP16: 0.3 | AQ16: 0.00 | AR16: 0.00 | AT16: 69.7 | AV16: 0.6 | AY16: 3.8 | AZ16: 240.00 | BA16: 0.6 | BB16: 0.00 | BC16: 1.55 | BD16: 0.0 | BH16: 190 | BI16: 280 | BJ16: 25 | BK16: 463 | BL16: 1.74 | BM16: 0.12 | BN16: 0.8 | BO16: 108 | BP16: 0.84 | BQ16: 3 | BR16: Tr | BS16: 0 | BT16: 0 | BW16: 0 | BX16: 0.0 | BZ16: 0.63 | CA16: 0.940212 | CB16: 0.28 | CC16: 0.05 | CD16: 1.7 | CE16: 2.0 | CG16: 0.18 | CH16: 0.0 | CI16: 18 | CJ16: 0.44 | CK16: 1.8 | CM16: No | DB16: Italy, France, Germany, Spain, Belgium, Austria, Bulgaria, Croatia, Cyprus, Czech Republic, Denmark, Estonia, Finland, Greece, Hungary, Ireland, Latvia, Lithuania, Luxembourg, Malta, The Netherlands, Poland, Portugal, Romania, Slovakia, Slovenia, Sweden | DC16: United Kingdom
A17: NPD-I10789 | B17: Fresh Raspberries | D17: 14-375 | E17: Raspberries, raw | F17: No | G17: No | H17: Yes | I17: Supplier Spec | J17: P0025174 | K17: The Newt in Somerset | L17: Approved | M17: Chilled | N17: None | O17: None | P17: Fresh Raspberries | Q17: Breakdown | R17: No | S17: 11 samples, mixture of UK and imported A brilliant scarlet bramble fruit with a tender texture and intense, sweet flavor. | T17: 3 | U17: Days | AD17: Days | AE17: 0 | AF17: 0 | AG17: 100 | AH17: 2.61 | AI17: Punnet | AJ17: Fruit & Veg | AK17: 100 | AL17: 109 | AM17: 25 | AN17: 1.4 | AO17: 0.3 | AP17: 0.1 | AQ17: 0.1 | AR17: 0.1 | AS17: Tr | AT17: 4.6 | AU17: 0 | AV17: 4.6 | AY17: 2.5 | AZ17: 3 | BA17: 0.0075 | BB17: 87.7 | BC17: 0.13 | BD17: 0 | BE17: 0 | BH17: 164 | BI17: 16 | BJ17: 16 | BK17: 28 | BL17: 0.41 | BM17: 0.04 | BN17: 0.2 | BO17: 11 | BP17: 0.37 | BQ17: Tr | BR17: 0.004 | BS17: 0 | BT17: 6 | BW17: 19 | BX17: 0 | BZ17: 0.82 | CA17: 1.223768 | CB17: 0.01 | CC17: 0.01 | CD17: 0.5 | CE17: 0.2 | CG17: 0.11 | CH17: 0 | CI17: 55 | CJ17: 0.73 | CK17: 1.6 | CM17: No | DB17: Spain, Mexico, Belgium, The Netherlands, Portugal, United Kingdom, Morocco | DC17: United Kingdom
A18: NPD-I10790 | B18: Dark Chocolate Baking Sticks (Callebaut) | D18: 17-491 | E18: Chocolate, plain | F18: No | G18: No | H18: Yes | I18: Copied from Wellocks specification. | J18: P0003822 | K18: The Newt in Somerset | L18: Approved | M18: Ambient | N18: None | O18: None | P18: Dark Chocolate | Q18: Breakdown | R18: No | S18: 6 bars, 3 brands; 36-50% cocoa solids | T18: 24 | U18: Months | AD18: Days | AE18: 0 | AF18: 0 | AG18: 100 | AH18: 20.01 | AI18: Kilograms | AJ18: Dry Goods | AK18: 100 | AL18: 2078 | AM18: 497 | AN18: 5.0 | AO18: 25.6 | AP18: 15.3 | AQ18: 0.00 | AR18: 0.00 | AT18: 57.2 | AV18: 54.2 | AY18: 7.9 | AZ18: 4.00 | BA18: 0.01 | BC18: 0.80 | BD18: 0.0 | BH18: 300 | BI18: 33 | BJ18: 89 | BK18: 140 | BL18: 2.30 | BM18: 0.71 | BN18: 1.3 | BO18: 9 | BP18: 0.63 | BQ18: 4 | BR18: 0.003 | BS18: 15 | BT18: 15 | BW18: 0 | BX18: 0.0 | BZ18: 1.44 | CA18: 2.149056 | CB18: 0.04 | CC18: 0.06 | CD18: 0.4 | CE18: 0.7 | CG18: 0.03 | CH18: 0.0 | CI18: 12 | CJ18: 0.30 | CK18: 3.0 | CM18: No | DB18: Unknown | DC18: Belgium
A19: NPD-I10791 | B19: Dried Apple Pieces (Essentials) | D19: 14-016 | E19: Apples, eating, dried | F19: No | G19: No | H19: Yes | I19: Copied from Essentials specification | K19: The Newt in Somerset | L19: Approved | M19: Dried | N19: None | O19: None | P19: Dried Apple | Q19: Breakdown | R19: No | S19: 6 samples, 3 brands and calculation from 14-014 | AD19: Days | AE19: 0 | AF19: 0 | AG19: 100 | AH19: 147.6 | AI19: Bag | AJ19: Dry Goods | AK19: 100 | AL19: 1581 | AM19: 377 | AN19: 1.6 | AO19: 0.4 | AP19: 0.1 | AT19: 78 | AV19: 77 | AY19: 14.5 | AZ19: 40.00 | BA19: 0.1 | BC19: 0.32 | BH19: 540 | BI19: 16 | BJ19: 16 | BK19: 43 | BL19: 0.50 | BM19: 0.11 | BN19: 0.5 | BO19: 1 | BP19: 0.50 | BQ19: Tr | BR19: Tr | BS19: 0 | BT19: 91 | BW19: Tr | BX19: 0.0 | BZ19: 1.45 | CA19: 2.16398 | CB19: N | CC19: N | CD19: N | CE19: 0.3 | CG19: N | CH19: 0.0 | CI19: Tr | CJ19: Tr | CK19: N | CM19: No | DB19: Chile | DC19: United Kingdom
A20: NPD-I10801 | B20: Rapeseed Oil (Olleco) | D20: 17-041 | E20: Oil, rapeseed | F20: No | G20: No | H20: Yes | I20: Copied from Olleco product specification | K20: The Newt in Somerset | L20: Approved | M20: Ambient | N20: None | O20: None | P20: Rapeseed Oil | Q20: Breakdown | R20: No | S20: Mean of 100 samples Processing Aid - E900 antifoaming agent 5ppm Clear liquid oil suitable for culinary purposes. Produced from Non GM oilseed rapeseed. | T20: 18 | U20: Months | AD20: Days | AE20: 0 | AF20: 0 | AG20: 100 | AH20: 43.7 | AI20: Drum | AJ20: Dry Goods | AK20: 100 | AL20: 3700 | AM20: 900 | AN20: 0.0 | AO20: 100 | AP20: 7.5 | AQ20: 63 | AR20: 28 | AT20: 0.0 | AU20: 0.0 | AV20: 0.0 | AZ20: 20.00 | BA20: 0.05 | BC20: Tr | BD20: 0.0 | BH20: Tr | BI20: Tr | BJ20: Tr | BK20: Tr | BL20: 0.10 | BM20: 0.01 | BN20: Tr | BO20: Tr | BP20: Tr | BQ20: Tr | BR20: Tr | BS20: 0 | BT20: Tr | BW20: 0 | BX20: 0.0 | BZ20: 22.21 | CA20: 33.146204 | CB20: Tr | CC20: Tr | CD20: Tr | CE20: Tr | CG20: Tr | CH20: 0.0 | CI20: Tr | CJ20: Tr | CK20: Tr | CM20: No | DB20: France, Germany, Belgium, Australia, Russia, Ukraine, Austria, Czech Republic, Denmark, Hungary, Poland, Slovakia, United Kingdom | DC20: United Kingdom
A21: NPD-I10805 | B21: Potato Starch | D21: 13-598 | E21: Potato powder, instant, raw | F21: No | G21: No | H21: Yes | I21: Copied from Wellocks specification | J21: P0018584 | K21: The Newt in Somerset | L21: Approved | M21: Ambient | N21: None | O21: None | Q21: Breakdown | R21: No | S21: 10 samples, 9 brands Potato starch – a universal binder and thickener for many applications in the food industry | T21: 9 | U21: Months | AD21: Days | AE21: 0 | AF21: 0 | AG21: 100 | AH21: 3.98 | AI21: Tub | AJ21: Dry Goods | AK21: 100 | AL21: 1360 | AM21: 320 | AN21: 0.1 | AO21: 0.1 | AP21: 0.00 | AQ21: 0.00 | AR21: 0.00 | AT21: 80 | AV21: 0.00 | AZ21: 16.00 | BA21: 0.04 | BC21: 1.34 | BH21: 1430 | BI21: 73 | BJ21: 66 | BK21: 230 | BL21: 2.20 | BM21: 0.24 | BN21: 1.2 | BO21: 660 | BP21: 0.30 | BQ21: N | BR21: N | BS21: 0 | BT21: 15 | BW21: 130 | BX21: 0.0 | BZ21: 0.25 | CA21: 0.3731 | CB21: 0.05 | CC21: 0.19 | CD21: 6.6 | CE21: 2.0 | CG21: 0.84 | CH21: 0.0 | CI21: 13 | CJ21: N | CK21: N | CM21: No | DB21: Germany, The Netherlands, United Kingdom | DC21: United Kingdom
A22: NPD-I10813 | B22: Ground Nutmeg | D22: 13-877 | E22: Nutmeg, ground | F22: No | G22: No | H22: Yes | I22: Copied from Wellocks specification | J22: P0018642 | K22: The Newt in Somerset | L22: Approved | M22: Ambient | N22: None | O22: None | P22: Nutmeg | Q22: Breakdown | R22: No | S22: Literature sources | T22: 18 | U22: Months | W22: 9 | X22: Months | AD22: Days | AE22: 0 | AF22: 0 | AG22: 100 | AH22: 7.87 | AI22: Tub | AJ22: Dry Goods | AK22: 100 | AL22: 2196 | AM22: 525 | AN22: 5.84 | AO22: 36.31 | AP22: 26 | AQ22: 0.00 | AR22: 0.00 | AT22: 49.29 | AV22: 28 | AY22: 20.8 | AZ22: 16.00 | BA22: 0.04 | BC22: 1.10 | BD22: 0.0 | BH22: 350 | BI22: 180 | BJ22: 180 | BK22: 210 | BL22: 3.00 | BM22: 1.03 | BN22: 2.2 | BO22: N | BP22: 2.90 | BQ22: 2 | BR22: N | BS22: 0 | BT22: 60 | BW22: 3 | BX22: 0.0 | BZ22: N | CA22: N | CB22: 0.35 | CC22: 0.06 | CD22: 1.3 | CE22: N | CG22: 0.16 | CH22: 0.0 | CI22: 76 | CJ22: N | CK22: N | CM22: No | DB22: India, Indonesia | DC22: United Kingdom
A23: NPD-I10817 | B23: Spice Mixed | F23: No | G23: No | H23: Yes | I23: Copied from Wellocks product specification. | J23: P0018675 | K23: The Newt in Somerset | L23: Approved | N23: None | O23: None | P23: Mixed Spice | Q23: Breakdown | R23: No | T23: 18 | U23: Months | AD23: Days | AE23: 0 | AF23: 0 | AG23: 100 | AH23: 3.76 | AI23: Tub | AJ23: Dry Goods | AK23: 100 | AL23: 1328 | AM23: 321 | AN23: 9.6 | AO23: 12.6 | AP23: 1.4 | AT23: 22.2 | AV23: 17.7 | AY23: 40.5 | AZ23: 40.00 | BA23: 0.1 | CM23: No | DB23: United Kingdom | DC23: United Kingdom
A24: NPD-I10818 | B24: Sultanas Golden | D24: 14-263 | E24: Sultanas | F24: No | G24: No | H24: Yes | I24: Copied from Wellocks product specification | J24: P0001396 | K24: The Newt in Somerset | L24: Approved | M24: Ambient | N24: None | O24: None | P24: Sultanas | Q24: Breakdown | R24: No | S24: 10 samples, 9 brands; whole fruit Golden South African Sultanas. Appearance: Light golden to golden berries | T24: 270 | U24: Days | W24: 90 | X24: Days | AD24: Days | AE24: 0 | AF24: 0 | AG24: 100 | AH24: 6.1 | AI24: Bag | AJ24: Dry Goods | AK24: 100 | AL24: 1291 | AM24: 304 | AN24: 2.5 | AO24: 0.48 | AP24: 0.2 | AQ24: 0.00 | AR24: 0.00 | AT24: 71.3 | AV24: 71.2 | AY24: 2.3 | AZ24: 80.00 | BA24: 0.2 | BC24: 0.43 | BD24: 0.0 | BH24: 1060 | BI24: 64 | BJ24: 31 | BK24: 86 | BL24: 2.20 | BM24: 0.40 | BN24: 0.3 | BO24: 16 | BP24: 0.30 | BQ24: N | BR24: N | BS24: 0 | BT24: 12 | BW24: Tr | BX24: 0.0 | BZ24: 0.70 | CA24: 1.04468 | CB24: 0.09 | CC24: 0.05 | CD24: 0.8 | CE24: 0.2 | CG24: 0.25 | CH24: 0.0 | CI24: 27 | CJ24: 0.09 | CK24: 4.8 | CM24: No | DB24: South Africa | DC24: United Kingdom
A25: NPD-I10822 | B25: Oil Extra Pomace (5L) | D25: 17-038 | E25: Oil, olive | F25: No | G25: No | H25: Yes | I25: Copied from Wellocks specification | J25: P0003768 | K25: The Newt in Somerset | L25: Approved | M25: Ambient | N25: None | O25: None | P25: Olive Pomace Oil | Q25: Breakdown | R25: No | S25: Mean of 35 samples; including virgin and extra virgin olive oil | T25: 540 | U25: Days | AD25: Days | AE25: 0 | AF25: 0 | AG25: 100 | AH25: 38.13 | AI25: Drum | AJ25: Dry Goods | AK25: 100 | AL25: 3700 | AM25: 862 | AN25: 0.00 | AO25: 100 | AP25: 16 | AT25: 0 | AU25: 0.00 | AV25: 0.00 | AY25: 0.00 | AZ25: 0.00 | BA25: 0 | BC25: Tr | BD25: 0.0 | BH25: Tr | BI25: Tr | BJ25: Tr | BK25: Tr | BL25: 0.40 | BM25: 0.01 | BN25: Tr | BO25: Tr | BP25: Tr | BQ25: Tr | BR25: Tr | BS25: 0 | BT25: N | BW25: 0 | BX25: 0.0 | BZ25: 5.10 | CA25: 7.61124 | CB25: Tr | CC25: Tr | CD25: Tr | CE25: Tr | CG25: Tr | CH25: 0.0 | CI25: Tr | CJ25: Tr | CK25: Tr | CM25: No | DB25: Spain | DC25: United Kingdom
A26: NPD-I10854 | B26: Pectin Yellow Louis Francois | F26: No | G26: No | H26: Yes | I26: Copied from Wellocks product specification. | J26: P0014287 | K26: The Newt in Somerset | L26: Approved | M26: Ambient | N26: None | O26: None | P26: Pectin | Q26: Breakdown | R26: No | T26: 1 | U26: Years | AD26: Days | AE26: 0 | AF26: 0 | AG26: 100 | AH26: 57 | AI26: Tub | AJ26: Dry Goods | AK26: 100 | AL26: 770 | AM26: 190 | AN26: 1.5 | AO26: 0.0 | AP26: 0.0 | AT26: 21 | AV26: 10 | AY26: 49 | AZ26: 3280.00 | BA26: 8.2 | CM26: No | DB26: France | DC26: United Kingdom
A27: NPD-I10855 | B27: Sugar Demerara Silver Spoon | D27: 17-061 | E27: Sugar, Demerara | F27: No | G27: No | H27: Yes | I27: Copied from Wellocks product specification | J27: P0001537 | K27: The Newt in Somerset | L27: Approved | M27: Ambient | N27: None | O27: None | P27: Demerara Sugar | Q27: Breakdown | R27: No | S27: 5 samples | T27: 18 | U27: Months | V27: Information not available on Wellocks product specification. | AD27: Days | AE27: 0 | AF27: 0 | AG27: 100 | AH27: 7.05 | AI27: Bag | AJ27: Dry Goods | AK27: 100 | AL27: 1690 | AM27: 398 | AN27: 0.0 | AO27: 0.0 | AP27: 0.0 | AT27: 99.5 | AV27: 99.5 | AZ27: 0.00 | BA27: 0 | BC27: 0.08 | BD27: 0.0 | BH27: 48 | BI27: 29 | BJ27: 9 | BK27: 3 | BL27: 0.90 | BM27: 0.11 | BN27: 0.1 | BO27: 35 | BP27: Tr | BQ27: Tr | BR27: Tr | BS27: 0 | BT27: 0 | BW27: 0 | BX27: 0.0 | BZ27: 0.00 | CA27: 0 | CB27: Tr | CC27: Tr | CD27: Tr | CE27: Tr | CG27: Tr | CH27: 0.0 | CI27: Tr | CJ27: Tr | CK27: Tr | CM27: No | DB27: United Kingdom | DC27: United Kingdom
A28: NPD-I10859 | B28: Caster Sugar | D28: 17-063 | E28: Sugar, white | F28: No | G28: No | H28: Yes | I28: Copied from Ritter specification | J28: P0006216 | K28: The Newt in Somerset | L28: Approved | N28: None | O28: None | P28: Sugar | Q28: Breakdown | R28: No | S28: Granulated and loaf sugar | T28: 1095 | U28: Days | W28: 90 | X28: Days | AD28: Days | AE28: 0 | AF28: 0 | AG28: 100 | AH28: 34.91 | AI28: Bag | AJ28: Dry Goods | AK28: 100 | AL28: 1700 | AM28: 400 | AO28: 0.00 | AT28: 99.99 | AV28: 99.99 | BC28: Tr | BD28: 0.0 | BH28: 5 | BI28: 10 | BJ28: 2 | BK28: 1 | BL28: 0.20 | BM28: 0.12 | BN28: 0.1 | BO28: Tr | BP28: Tr | BQ28: Tr | BR28: Tr | BS28: 0 | BT28: 0 | BW28: 0 | BX28: 0.0 | BZ28: 0.00 | CA28: 0 | CB28: 0.00 | CC28: 0.00 | CD28: 0.0 | CE28: 0.0 | CG28: 0.00 | CH28: 0.0 | CI28: 0 | CJ28: 0.00 | CK28: 0.0 | CM28: No | DB28: United Kingdom | DC28: United Kingdom
A29: NPD-I10861 | B29: Unsalted Butter | D29: 17-661 | E29: Butter, unsalted | F29: No | G29: No | H29: Yes | I29: Copied from Brue Valley specification | J29: P0001133 Wellocks | K29: The Newt in Somerset | L29: Approved | M29: Chilled | N29: None | O29: None | Q29: Breakdown | R29: No | S29: Average of UK/Irish, Danish, French, New Zealand Spec due to be updated awaiting for Wellocks to confirm when live. | T29: 4 | U29: Weeks | AD29: Days | AE29: 0 | AF29: 0 | AG29: 100 | AH29: 64 | AI29: Box | AJ29: Dairy & Eggs | AK29: 100 | AL29: 3059 | AM29: 744 | AN29: 0.6 | AO29: 82.2 | AP29: 52.1 | AT29: 0.6 | AV29: 0.6 | BA29: 0 | BC29: 0.10 | BD29: 0.0 | BH29: 27 | BI29: 18 | BJ29: 2 | BK29: 23 | BL29: Tr | BM29: 0.01 | BN29: 0.1 | BO29: 18 | BP29: Tr | BQ29: Tr | BR29: 0.038 | BS29: 958 | BT29: 608 | BW29: Tr | BX29: 0.9 | BZ29: 1.85 | CA29: 2.76094 | CB29: Tr | CC29: 0.07 | CD29: Tr | CE29: 0.1 | CG29: Tr | CH29: 0.3 | CI29: Tr | CJ29: 0.05 | CK29: 0.2 | CM29: No | DB29: United Kingdom | DC29: United Kingdom
A30: NPD-I10862 | B30: Currants | D30: 14-074 | E30: Currants | F30: No | G30: No | H30: Yes | I30: Copied from Wellocks specification | J30: P0020948 | K30: The Newt in Somerset | L30: Approved | M30: Ambient | N30: None | O30: None | Q30: Breakdown | R30: No | S30: 10 samples, 9 brands | T30: 365 | U30: Days | W30: 90 | X30: Days | AD30: Days | AE30: 0 | AF30: 0 | AG30: 100 | AH30: 10.74 | AI30: Kilograms | AJ30: Dry Goods | AK30: 100 | AL30: 1139 | AM30: 267 | AO30: 0.4 | AP30: 0 | AQ30: 0.00 | AR30: 0.00 | AT30: 67.8 | AV30: 67.8 | AY30: 1.9 | AZ30: 0.00 | BA30: 0 | BC30: 0.37 | BD30: 0.0 | BH30: 720 | BI30: 93 | BJ30: 30 | BK30: 71 | BL30: 1.30 | BM30: 0.81 | BN30: 0.3 | BO30: 16 | BP30: 0.70 | BQ30: N | BR30: N | BS30: 0 | BT30: 6 | BW30: Tr | BX30: 0.0 | BZ30: N | CA30: N | CB30: 0.16 | CC30: 0.05 | CD30: 0.9 | CE30: 0.2 | CG30: 0.23 | CH30: 0.0 | CI30: 4 | CJ30: 0.07 | CK30: 4.8 | CM30: No | DB30: South Africa | DC30: United Kingdom
A31: NPD-I10863 | B31: Egg Pasteurised Yolk Free Range | D31: 12-939 | E31: Eggs, chicken, yolk, raw | F31: No | G31: No | H31: Yes | I31: Copied from Wellocks Specification | J31: P0000074 | K31: The Newt in Somerset | L31: Approved | M31: Chilled | N31: None | O31: None | P31: Egg Yolk | Q31: Breakdown | R31: No | S31: 12 samples from 3 egg distribution centres, including enriched cage, barn, free-range and organic | T31: 28 | U31: Days | W31: 21 | X31: Days | Z31: 48 | AA31: Hours | AD31: Days | AE31: 0 | AF31: 0 | AG31: 100 | AH31: 10.83 | AI31: Box | AJ31: Dairy & Eggs | AK31: 100 | AL31: 1437 | AM31: 347 | AO31: 31.3 | AP31: 8.8 | AQ31: 0.00 | AR31: 0.00 | AT31: 0 | AV31: 0 | AY31: 0 | AZ31: 52.00 | BA31: 0.13 | BC31: 2.62 | BH31: 124 | BI31: 149 | BJ31: 12 | BK31: 600 | BL31: 6.24 | BM31: 0.16 | BN31: 4.0 | BO31: 163 | BP31: 0.11 | BQ31: 59 | BR31: 0.13 | BS31: 447 | BT31: Tr | BW31: 0 | BX31: 12.8 | BZ31: 5.21 | CA31: 7.775404 | CB31: 0.20 | CC31: 0.59 | CD31: Tr | CE31: 2.8 | CG31: 0.35 | CH31: 8.2 | CI31: 122 | CJ31: 4.53 | CK31: 63.6 | CM31: No | DB31: United Kingdom | DC31: United Kingdom
A32: NPD-I10870 | B32: Cardamon Ground | F32: No | G32: No | H32: Yes | I32: Copied from Wellocks specification. | J32: P0018688 | K32: The Newt in Somerset | L32: Approved | M32: Ambient | N32: None | O32: None | P32: Cardamom | Q32: Breakdown | R32: No | T32: 9 | U32: Months | AD32: Days | AE32: 0 | AF32: 0 | AG32: 100 | AH32: 20.11 | AI32: Tub | AJ32: Dry Goods | AK32: 100 | AL32: 1343 | AM32: 321 | AN32: 10.76 | AO32: 6.70 | AP32: 0.68 | AT32: 40.47 | AY32: 28 | AZ32: 20.00 | BA32: 0.05 | CM32: No | DB32: Guatemala | DC32: United Kingdom
A33: NPD-I10887 | B33: Treacle Black | F33: No | G33: No | H33: Yes | I33: Copied from Wellocks product specification. | J33: P0000930 | K33: The Newt in Somerset | L33: Approved | N33: None | O33: None | P33: Treacle | Q33: Breakdown | R33: No | T33: 36 | U33: Months | AD33: Days | AE33: 0 | AF33: 0 | AG33: 100 | AH33: 23.76 | AI33: Bottle | AJ33: Dry Goods | AK33: 100 | AL33: 1344 | AM33: 316 | AN33: 0.6 | AO33: 0.2 | AP33: 0.01 | AT33: 78 | AV33: 67 | AZ33: 60.00 | BA33: 0.15 | CM33: No | DB33: United Kingdom | DC33: United Kingdom
A34: NPD-I10891 | B34: Cacao Barry BAKING STICKS 8cm | F34: No | G34: No | H34: Yes | I34: Supplier spec | J34: CHD-BB-308BY-357 | K34: The Newt in Somerset | L34: Approved | M34: Ambient | N34: None | O34: None | P34: Dark Chocolate | Q34: Breakdown | R34: No | T34: 730 | U34: Days | AD34: Days | AE34: 0 | AF34: 0 | AG34: 100 | AH34: 20.01 | AI34: Box | AJ34: Dry Goods | AK34: 100 | AL34: 2078 | AM34: 497 | AN34: 5 | AO34: 25.6 | AP34: 15.3 | AQ34: 8.3 | AR34: .9 | AT34: 57.2 | AU34: 2.2 | AV34: 54.5 | AY34: 7.9 | AZ34: 7.32 | BA34: 0.0183 | CM34: No | DB34: France | DC34: France
A35: NPD-I10893 | B35: Dorset Sea Salt | D35: 17-367 | E35: Salt | F35: No | G35: No | H35: Yes | I35: Copied from Dorset Sea Salt Specification. | J35: 01 / P0025113 | K35: The Newt in Somerset | L35: Approved | M35: Ambient | N35: None | O35: None | Q35: Breakdown | R35: No | S35: Specification available on Erudus | T35: 3 | U35: Years | Z35: 12 | AA35: Months | AD35: Days | AE35: 0 | AF35: 0 | AG35: 100 | AH35: 8.2 | AI35: Tub | AJ35: Dry Goods | AK35: 100 | AZ35: 39600.00 | BA35: 99 | BC35: 0.00 | BD35: 0.0 | BH35: 89 | BI35: 10 | BJ35: 76 | BK35: 1 | BL35: 0.30 | BM35: 0.08 | BN35: 0.1 | BO35: 59900 | BP35: Tr | BQ35: N | BR35: 0.044 | BS35: 0 | BT35: 0 | BW35: 0 | BX35: 0.0 | BZ35: 0.00 | CB35: 0.00 | CC35: 0.00 | CD35: 0.0 | CE35: 0.0 | CG35: 0.00 | CH35: 0.0 | CI35: 0 | CJ35: 0.00 | CK35: 0.0 | CM35: No | DB35: United Kingdom | DC35: United Kingdom
A36: NPD-I10894 | B36: Black Bee Honey 12kg Bulk | F36: No | G36: No | H36: Yes | I36: Black Bee Honey Specification. | K36: The Newt in Somerset | L36: Approved | M36: Ambient | N36: None | O36: None | P36: Black Bee Honey | Q36: Breakdown | R36: No | T36: 24 | U36: Months | AD36: Days | AE36: 0 | AF36: 0 | AG36: 100 | AH36: 40 | AI36: Tub | AJ36: Dry Goods | AK36: 100 | AL36: 1427 | AM36: 336 | AN36: 0.38 | AO36: 0.3 | AP36: 0.15 | AT36: 82.9 | AV36: 72.1 | AZ36: 2.00 | BA36: 0.005 | CM36: No | DB36: United Kingdom | DC36: United Kingdom
A37: NPD-I10895 | B37: Cornflour | F37: No | G37: No | H37: Yes | I37: Copied from Wellocks specification. | J37: P0018510 | K37: The Newt in Somerset | L37: Approved | M37: Ambient | N37: None | O37: None | Q37: Breakdown | R37: No | S37: Maize starch 100%. | T37: 12 | U37: Months | W37: 9 | X37: Months | AD37: Days | AE37: 0 | AF37: 0 | AG37: 100 | AH37: 6.18 | AI37: Bag | AJ37: Dry Goods | AK37: 100 | AL37: 1488 | AM37: 350 | AN37: 0.44 | AO37: 0.5 | AT37: 87.5 | AV37: 0.0 | AY37: 0.0 | AZ37: 72.00 | BA37: 0.18 | CM37: No | DB37: United Kingdom | DC37: United Kingdom
A38: NPD-I10896 | B38: Glucose Syrup | F38: No | G38: No | H38: Yes | I38: Copied from Wellocks product specification. | J38: P0019966 | K38: The Newt in Somerset | L38: Approved | M38: Ambient | N38: None | O38: None | P38: Glucose Syrup | Q38: Breakdown | R38: No | T38: 3 | U38: Months | AD38: Days | AE38: 0 | AF38: 0 | AG38: 100 | AH38: 11.02 | AI38: Tub | AJ38: Dry Goods | AK38: 100 | AL38: 1365 | AM38: 322 | AN38: 0 | AO38: 0 | AP38: 0 | AT38: 80 | AV38: 25 | AY38: 0 | AZ38: 32.00 | BA38: 0.08 | CM38: No | DB38: Belgium, United Kingdom | DC38: Belgium, United Kingdom
A39: NPD-I10897 | B39: Bicarbonate Soda (AF) | D39: 17-356 | E39: Bicarbonate of soda | F39: No | G39: No | H39: Yes | I39: Copied from McCance and Widdowson (17-356) | J39: P0018499 | K39: The Newt in Somerset | L39: Approved | M39: Dried | N39: E500 | O39: Raising Agent | P39: Sodium Bicarbonate | Q39: Breakdown | R39: No | S39: Powder fine grade is made from food grade E500 (ii) Sodium Bicarbonate. Flavour | T39: 12 | U39: Months | AD39: Days | AE39: 0 | AF39: 0 | AG39: 100 | AH39: 6.13 | AI39: Tub | AJ39: Dry Goods | AK39: 100 | AL39: 0 | AM39: 0 | AN39: 0.0 | AO39: 0.0 | AP39: 0.00 | AQ39: 0.00 | AR39: 0.00 | AT39: 0.0 | AU39: 0.0 | AV39: 0.0 | AZ39: 27360.00 | BA39: 68.4 | BB39: 0.0 | BC39: 0.00 | BD39: 0.0 | BE39: 0.0 | BH39: 0 | BI39: 0 | BJ39: 0 | BK39: 0 | BL39: 0.00 | BM39: 0.00 | BN39: 0.0 | BO39: 0 | BP39: 0.00 | BQ39: 0 | BR39: 0 | BS39: 0 | BT39: 0 | BW39: 0 | BX39: 0.0 | BZ39: 0.00 | CB39: 0.00 | CC39: 0.00 | CD39: 0.0 | CE39: 0.0 | CG39: 0.00 | CH39: 0.0 | CI39: 0 | CJ39: 0.00 | CK39: 0.0 | CM39: No | DB39: United Kingdom | DC39: United Kingdom
A40: NPD-I10900 | B40: Icing Sugar | F40: No | G40: No | H40: Yes | I40: Copied from Wellocks product specification. | J40: P0015396 | K40: The Newt in Somerset | L40: Approved | M40: Ambient | N40: None | O40: None | Q40: Breakdown | R40: No | T40: 36 | U40: Months | AD40: Days | AE40: 0 | AF40: 0 | AG40: 100 | AH40: 7.23 | AI40: Bag | AJ40: Dry Goods | AK40: 100 | AL40: 1687 | AM40: 399 | AN40: 0.0 | AO40: 0.0 | AP40: 0.0 | AT40: 99.2 | AV40: 99.2 | AZ40: 0.00 | BA40: 0 | CM40: No | DB40: United Kingdom | DC40: United Kingdom
A41: NPD-I10904 | B41: Cacao Barry Dark Couverture Chocolate 5kg | F41: No | G41: No | H41: Yes | I41: Ritter/Erudus spec | J41: CHD-O70FLEU-E4-U72 / 116522 | K41: The Newt in Somerset | L41: Approved | M41: Ambient | N41: None | O41: None | P41: Dark Chocolate | Q41: Breakdown | R41: No | T41: 730 | U41: Days | AC41: 2 | AD41: Days | AE41: 0 | AF41: 0 | AG41: 100 | AH41: 132.28 | AI41: Bag | AJ41: Dry Goods | AK41: 100 | AL41: 2376 | AM41: 568 | AN41: 7.6 | AO41: 43 | AP41: 25.8 | AT41: 30.7 | AV41: 27.1 | AY41: 12.1 | AZ41: 8.00 | BA41: 0.02 | CM41: No | DB41: France | DC41: France
A42: NPD-I10905 | B42: CALLEBAUT CALLETS WHITE (W2-E4-U71) 28% | F42: No | G42: No | H42: Yes | I42: Copied from Wellocks specification | J42: P0001161 | K42: The Newt in Somerset | L42: Approved | M42: Ambient | N42: None | O42: None | P42: White Chocolate | Q42: Breakdown | R42: No | T42: 12 | U42: Months | AD42: Days | AE42: 0 | AF42: 0 | AG42: 100 | AH42: 52.61 | AI42: Bag | AJ42: Dry Goods | AK42: 100 | AL42: 2379 | AM42: 569 | AN42: 6 | AO42: 27.5 | AP42: 16.5 | AT42: 55.3 | AV42: 54.9 | AY42: 0 | AZ42: 84.00 | BA42: 0.21 | CM42: No | DB42: Belgium | DC42: United Kingdom
A43: NPD-I10906 | B43: COCOA BARRY POWDER (DCP-22SP-E0-760) | F43: No | G43: No | H43: Yes | I43: Copied from Wellocks product specification. | K43: The Newt in Somerset | L43: Approved | M43: Ambient | N43: None | O43: None | P43: Cocoa Powder | Q43: Breakdown | R43: No | T43: 730 | U43: Days | AD43: Days | AE43: 0 | AF43: 0 | AG43: 100 | AH43: 16.35 | AI43: Kilograms | AJ43: Dry Goods | AK43: 100 | AL43: 1605 | AM43: 384 | AN43: 19 | AO43: 23 | AP43: 14 | AT43: 8.8 | AV43: 0.4 | AY43: 0.0 | AZ43: 76.00 | BA43: 0.04 | CM43: No | DB43: United Kingdom
A44: NPD-I10915 | B44: ALLSPICE GROUND (AF) | F44: No | G44: No | H44: Yes | I44: Copied from Wellocks product specification. | J44: P0018542 | K44: The Newt in Somerset | L44: Approved | M44: Dried | N44: None | O44: None | P44: Allspice | Q44: Breakdown | R44: No | S44: Ground seeds of Pimenta dioica. | T44: 18 | U44: Months | W44: 9 | X44: Months | AD44: Days | AE44: 0 | AF44: 0 | AG44: 100 | AH44: 11.38 | AI44: Tub | AJ44: Dry Goods | AK44: 100 | AL44: 1101 | AM44: 263 | AN44: 6.1 | AO44: 8.7 | AP44: 2.5 | AT44: 72.1 | AV44: 0.0 | AY44: 0.0 | AZ44: 120.00 | BA44: 0.3 | CM44: No | DB44: Mexico, Jamaica, Guatemala, Honduras | DC44: United Kingdom
A45: NPD-I10926 | B45: EGG PASTEURISED WHITE FREE RANGE ALB234 | D45: 12-938 | E45: Eggs, chicken, white, raw | F45: No | G45: No | H45: Yes | I45: Copied from Wellocks product specification. | J45: P0000598 | K45: The Newt in Somerset | L45: Approved | M45: Ambient | N45: None | O45: None | P45: Egg Whites | Q45: Breakdown | R45: No | S45: 12 samples from 3 egg distribution centres, including enriched cage, barn, free-range and organic | T45: 49 | U45: Days | Z45: 48 | AA45: Hours | AD45: Days | AE45: 0 | AF45: 0 | AG45: 100 | AH45: 5.1 | AI45: Kilograms | AJ45: Dairy & Eggs | AK45: 100 | AL45: 202 | AM45: 47 | AN45: 11.1 | AO45: 0.1 | AP45: 0.1 | AT45: 0.7 | AV45: 0.4 | AY45: 0.5 | AZ45: 172.00 | BA45: 0.43 | BC45: 1.73 | BH45: 149 | BI45: 6 | BJ45: 12 | BK45: 12 | BL45: 0.01 | BM45: 0.02 | BN45: Tr | BO45: 159 | BP45: Tr | BQ45: 8 | BR45: 0.004 | BS45: 0 | BT45: 0 | BW45: 0 | BX45: 0.0 | BZ45: 0.00 | CA45: 0 | CB45: 0.02 | CC45: 0.42 | CD45: Tr | CE45: 2.8 | CG45: 0.04 | CH45: 0.3 | CI45: 10 | CJ45: 0.28 | CK45: 5.6 | CM45: No | DB45: United Kingdom | DC45: United Kingdom
A46: NPD-I10927 | B46: Goat's Cheese Rachel | D46: 12-357 | E46: Cheese, goats milk, full fat, soft, white rind | F46: No | G46: No | H46: Yes | I46: Copied from White Lake Cheese specification. | K46: The Newt in Somerset | L46: Approved | N46: None | O46: None | P46: Goat's Cheese | Q46: Breakdown | R46: No | S46: Specification requested 05.04. | T46: 25 | U46: Weeks | W46: 8 | X46: Weeks | AD46: Days | AE46: 0 | AF46: 0 | AG46: 100 | AH46: 24.09 | AI46: Kilograms | AJ46: Dairy & Eggs | AK46: 100 | AL46: 1590 | AM46: 383 | AN46: 22.8 | AO46: 30.6 | AP46: 22.8 | AT46: 4.1 | AV46: 0.4 | BB46: 38.3 | BC46: 3.30 | BD46: 0.0 | BH46: 132 | BI46: 133 | BJ46: 14 | BK46: 229 | BL46: Tr | BM46: 0.06 | BN46: 1.0 | BO46: 1060 | BP46: 0.02 | BQ46: 6 | BR46: 0.051 | BS46: 333 | BT46: Tr | BW46: Tr | BX46: 0.5 | BZ46: 0.63 | CB46: 0.03 | CC46: 0.39 | CD46: 0.7 | CE46: 6.0 | CG46: 0.10 | CH46: 0.5 | CI46: 22 | CJ46: 0.40 | CK46: 5.1 | CM46: No | DB46: United Kingdom | DC46: United Kingdom
A47: NPD-I10928 | B47: FROZEN PEA GARDEN WELLOCKS | F47: No | G47: No | H47: Yes | I47: Copied from Wellocks specification. | J47: P0002275 | K47: The Newt in Somerset | L47: Approved | M47: Frozen | N47: None | O47: None | P47: Peas | Q47: Breakdown | R47: No | T47: 405 | U47: Days | AD47: Days | AE47: 0 | AF47: 0 | AG47: 100 | AH47: 2.25 | AI47: Bag | AJ47: Frozen Goods | AK47: 100 | AL47: 285 | AM47: 68 | AN47: 4.9 | AO47: 0.7 | AP47: 0.1 | AT47: 7.5 | AV47: 4.9 | AZ47: 4.00 | BA47: 0.01 | CM47: No | DB47: United Kingdom | DC47: United Kingdom
A48: NPD-I10929 | B48: Hazelnut Roasted | F48: No | G48: No | H48: Yes | I48: Copied from Wellocks product specification. | J48: P0006339 | K48: The Newt in Somerset | L48: Approved | M48: Ambient | N48: None | O48: None | P48: Hazelnuts | Q48: Breakdown | R48: No | T48: 365 | U48: Days | W48: 90 | X48: Days | AD48: Days | AE48: 0 | AF48: 0 | AG48: 100 | AH48: 15.96 | AI48: Bag | AJ48: Dry Goods | AK48: 100 | AL48: 2743 | AM48: 665 | AN48: 14 | AO48: 63.5 | AP48: 4.6 | AT48: 6 | AV48: 4 | AY48: 6.5 | AZ48: 40.00 | BA48: 0.1 | CM48: No | DB48: Turkey | DC48: United Kingdom
A49: NPD-I10930 | B49: CORDIAL ELDERFLOWER (JU578) | F49: No | G49: No | H49: Yes | I49: Copied from Wellocks product specification.Recalculated 10:1 undiluted | J49: P0001148 | K49: The Newt in Somerset | L49: Approved | M49: Ambient | N49: None | O49: None | P49: Elderflower Cordial | Q49: Breakdown | R49: No | S49: Organic Elderflower Cordial. An infusion of freshly picked elderflowers and fresh lemon juice, this has a delicate scented taste and makes a wonderfully refreshing drink when mixed with still or sparkling mineral. | AD49: Days | AE49: 0 | AF49: 0 | AG49: 100 | AH49: 5.8 | AI49: Bottle | AJ49: Dry Goods | AK49: 100 | AL49: 920 | AM49: 220 | AN49: 0 | AO49: 0.00 | AP49: 0.00 | AT49: 53 | AV49: 53 | AY49: 0.00 | AZ49: 0.00 | BA49: 0.00 | CM49: No | DB49: United Kingdom | DC49: United Kingdom
A50: NPD-I10933 | B50: ALMOND FLAKED | F50: No | G50: No | H50: Yes | I50: Copied from Wellocks product specification. | J50: P0000034 | K50: The Newt in Somerset | L50: Approved | M50: Ambient | N50: None | O50: None | P50: Almonds | Q50: Breakdown | R50: No | S50: Blanched almonds cut into slices. | T50: 365 | U50: Days | W50: 90 | X50: Days | AD50: Days | AE50: 0 | AF50: 0 | AG50: 100 | AH50: 14.13 | AI50: Bag | AJ50: Dry Goods | AK50: 100 | AL50: 2600 | AM50: 629 | AO50: 55.8 | AP50: 4.4 | AT50: 6.9 | AV50: 4.2 | AZ50: 40.00 | BA50: 0.1 | CM50: No | DB50: Spain, Australia, United States | DC50: United Kingdom
A51: NPD-I10943 | B51: Egg Pasteurised Whole Free Range | F51: No | G51: No | H51: Yes | I51: Copied from Wellocks product specification. | J51: P0001853 | K51: The Newt in Somerset | L51: Approved | M51: Chilled | N51: None | O51: None | P51: Egg | Q51: Breakdown | R51: No | T51: 49 | U51: Days | AD51: Days | AE51: 0 | AF51: 0 | AG51: 100 | AH51: 8.46 | AI51: Carton | AJ51: Dairy & Eggs | AK51: 100 | AL51: 547 | AM51: 131 | AN51: 12.6 | AO51: 9 | AP51: 2.5 | AT51: 0.5 | AV51: 0.5 | AY51: 0.5 | AZ51: 0.00 | BA51: 0 | CM51: No | DB51: United Kingdom | DC51: United Kingdom
A52: NPD-I10944 | B52: Raisins | F52: No | G52: No | H52: Yes | I52: Copied from Wellocks specification. | J52: P0001186 | K52: The Newt in Somerset | L52: Approved | N52: None | O52: None | Q52: Breakdown | R52: No | T52: 365 | U52: Days | V52: 365 days on date of packing. | AD52: Days | AE52: 0 | AF52: 0 | AG52: 100 | AH52: 4.04 | AI52: Bag | AJ52: Dry Goods | AK52: 100 | AL52: 1245 | AM52: 293 | AN52: 2.1 | AO52: 0.4 | AP52: 0.0 | AT52: 69.3 | AV52: 69.3 | AY52: 2 | BA52: 0.1 | CM52: No | DB52: Turkey | DC52: United Kingdom
A53: NPD-I10946 | B53: Moul-Bie Gruau Rouge T45 | F53: No | G53: No | H53: Yes | I53: Copied from Ritter Specification. | J53: 04895 | K53: The Newt in Somerset | L53: Approved | M53: Ambient | N53: None | O53: None | P53: Wheat Flour | Q53: Breakdown | R53: No | T53: 182 | U53: Days | AD53: Days | AE53: 0 | AF53: 0 | AG53: 100 | AH53: 49.96 | AI53: Bag | AJ53: Dry Goods | AK53: 100 | AL53: 1440 | AM53: 340 | AN53: 13.2 | AO53: 1.1 | AP53: 0.2 | AT53: 67.2 | AV53: 0.7 | AY53: 3.9 | BA53: 0.0 | CM53: No | DB53: France | DC53: France
A54: NPD-I10948 | B54: Tiptree Raspberry Jam | D54: 17-073 | E54: Jam, fruit with edible seeds | F54: No | G54: No | H54: Yes | I54: Copied from McCance and Widdowson (17-073) | J54: P0001370 | K54: The Newt in Somerset | L54: Approved | M54: Ambient | N54: None | O54: None | P54: Raspberry Jam | Q54: Breakdown | R54: No | T54: 12 | U54: Months | AD54: Days | AE54: 0 | AF54: 0 | AG54: 100 | AH54: 22.8 | AI54: Tub | AJ54: Dry Goods | AK54: 100 | AL54: 1071 | AM54: 252 | AN54: 0.6 | AO54: 0.0 | AP54: 0.00 | AQ54: 0.00 | AR54: 0.00 | AS54: 0.00 | AT54: 61 | AU54: 0.0 | AV54: 61 | AY54: N | AZ54: 8.00 | BA54: 0.02 | BC54: 0.10 | BD54: 0.0 | BE54: 0.0 | BH54: 43 | BI54: 12 | BJ54: 5 | BK54: 10 | BL54: 0.20 | BM54: 0.01 | BN54: 0.1 | BO54: 9 | BP54: 0.13 | BQ54: Tr | BR54: 0.007 | BS54: 0 | BT54: Tr | BW54: 10 | BX54: 0.0 | BZ54: 0.00 | CB54: Tr | CC54: Tr | CD54: Tr | CE54: Tr | CG54: Tr | CH54: 0.0 | CI54: Tr | CJ54: Tr | CK54: Tr | CM54: No | DB54: United Kingdom | DC54: United Kingdom
A55: NPD-I10950 | B55: Raspberry Powder | F55: No | G55: No | H55: Yes | I55: Supplier Spec | J55: P0007171 | K55: The Newt in Somerset | L55: Approved | M55: Ambient | N55: None | O55: None | P55: Dried Raspberries | Q55: Breakdown | R55: No | AD55: Days | AE55: 0 | AF55: 0 | AG55: 100 | AH55: 21.84 | AI55: Tub | AJ55: Dry Goods | AK55: 100 | AL55: 900 | AM55: 214 | AN55: 8.1 | AO55: 1.9 | AP55: .3 | AT55: 30 | AV55: 30 | AZ55: 8.00 | BA55: .02 | CM55: No | DB55: Bosnia & Herzegovina, Serbia, Ukraine, Poland, United Kingdom, China, Chile | DC55: United Kingdom
A56: NPD-I10951 | B56: WILDFARMED WHOLEMEAL FLOUR (T150) | D56: 11-890 | E56: Flour, wheat, wholemeal, bread/strong | F56: No | G56: No | H56: Yes | I56: Copied from McCance and Widdowson (11-890) | J56: WFWHOLEMEAL16 | K56: The Newt in Somerset | L56: Approved | M56: Ambient | N56: None | O56: None | P56: Wholemeal Wheat Flour | Q56: Breakdown | R56: No | T56: 6 | U56: Months | AD56: Days | AE56: 0 | AF56: 0 | AG56: 100 | AH56: 17.6 | AI56: Trade Paper Sack | AJ56: Dry Goods | AK56: 100 | AL56: 1427 | AM56: 337 | AN56: 12.8 | AO56: 1 | AT56: 64.8 | AU56: 65.7 | AV56: 1.8 | AY56: 10.0 | AZ56: 3.00 | BA56: 0.0075 | BB56: 11.8 | BC56: 2.44 | BH56: 359 | BI56: 32 | BJ56: 107 | BK56: 326 | BL56: 3.07 | BM56: 0.32 | BN56: 2.4 | BO56: 89 | BP56: 2.61 | BQ56: 19 | BR56: Tr | BS56: 0 | BT56: 0 | BW56: 0 | BX56: 0.0 | BZ56: 0.65 | CB56: 0.38 | CC56: 0.10 | CD56: 5.0 | CE56: 2.9 | CG56: 0.50 | CH56: 0.0 | CI56: 34 | CJ56: 0.99 | CK56: 7.2 | CM56: No | DB56: United Kingdom | DC56: United Kingdom
A57: NPD-I10952 | B57: Tiptree Apricot Jam | D57: 17-688 | E57: Jam, stone fruit | F57: No | G57: No | H57: Yes | I57: Copied from Wellocks product specification. | J57: P0001365 | K57: The Newt in Somerset | L57: Approved | M57: Ambient | N57: None | O57: None | P57: Apricot Jam | Q57: Breakdown | R57: No | S57: 8 samples, 4 flavours | T57: 12 | U57: Months | AD57: Days | AE57: 0 | AF57: 0 | AG57: 100 | AH57: 26.84 | AI57: Tub | AJ57: Dry Goods | AK57: 100 | AL57: 1046 | AM57: 247 | AN57: 0.6 | AO57: 0.0 | AP57: 0.0 | AT57: 60 | AV57: 59 | AZ57: 0.00 | BA57: 0.0 | BC57: 0.06 | BD57: 0.0 | BH57: 67 | BI57: 10 | BJ57: 3 | BK57: 6 | BL57: 0.20 | BM57: 0.02 | BN57: Tr | BO57: 4 | BP57: 0.02 | BQ57: Tr | BR57: 0.007 | BS57: 0 | BT57: Tr | BW57: N | BX57: 0.0 | BZ57: 0.00 | CA57: 0 | CB57: Tr | CC57: Tr | CD57: Tr | CE57: Tr | CG57: Tr | CH57: 0.0 | CI57: Tr | CJ57: Tr | CK57: Tr | CM57: No | DB57: United Kingdom | DC57: United Kingdom
A58: NPD-I10969 | B58: Apricot Dried Pitted | D58: 14-031 | E58: Apricots, dried | F58: No | G58: No | H58: Yes | I58: Copied from Wellocks product specification. | J58: P0006340 | K58: The Newt in Somerset | L58: Approved | M58: Dried | N58: None | O58: None | P58: Dried Apricots | Q58: Breakdown | R58: No | S58: No stones | T58: 365 | U58: Days | V58: 365 days from packing. | W58: 90 | X58: Days | Y58: Minimum 90 days at delivery. | AD58: Days | AE58: 0 | AF58: 0 | AG58: 100 | AH58: 9.74 | AI58: Bag | AJ58: Dry Goods | AK58: 100 | AL58: 761 | AM58: 180 | AN58: 4 | AO58: 0.6 | AP58: 0.0 | AT58: 36.5 | AV58: 36.5 | AY58: 6.3 | AZ58: 40.00 | BA58: 0.1 | BC58: 0.77 | BH58: 1880 | BI58: 92 | BJ58: 65 | BK58: 120 | BL58: 4.10 | BM58: 0.40 | BN58: 0.7 | BO58: 35 | BP58: 0.40 | BQ58: 7 | BR58: N | BS58: 0 | BT58: 645 | BW58: Tr | BX58: 0.0 | BZ58: N | CA58: N | CB58: Tr | CC58: 0.20 | CD58: 3.0 | CE58: 0.6 | CG58: 0.17 | CH58: 0.0 | CI58: 14 | CJ58: 0.70 | CK58: N | CM58: No | DB58: Turkey | DC58: United Kingdom
A59: NPD-I10970 | B59: Ginger Ground (AF) | D59: 13-832 | E59: Ginger, ground | F59: No | G59: No | H59: Yes | I59: Copied from Wellocks product specification. | J59: P0018778 | K59: The Newt in Somerset | L59: Approved | M59: Dried | N59: None | O59: None | P59: Dried Ginger | Q59: Breakdown | R59: No | S59: 3 samples and literature sources | T59: 18 | U59: Months | AD59: Days | AE59: 0 | AF59: 0 | AG59: 100 | AH59: 3.69 | AI59: Kilograms | AJ59: Dry Goods | AK59: 100 | AL59: 1404 | AM59: 335 | AN59: 8.98 | AO59: 4.24 | AP59: 2.59 | AT59: 71.62 | AV59: 3.39 | AZ59: 27.00 | BA59: 0.0675 | BC59: 1.19 | BD59: 0.0 | BH59: 910 | BI59: 97 | BJ59: 130 | BK59: 140 | BL59: 46.80 | BM59: 0.45 | BN59: 4.7 | BO59: 40 | BP59: 28.00 | BQ59: N | BR59: N | BS59: 0 | BT59: 220 | BW59: 0 | BX59: 0.0 | BZ59: N | CA59: N | CB59: 0.05 | CC59: 0.19 | CD59: 5.1 | CE59: 0.9 | CG59: 1.01 | CH59: 0.0 | CI59: 0 | CJ59: 1.27 | CK59: N | CM59: No | DB59: China | DC59: United Kingdom
A60: NPD-I10973 | B60: Cranberries Dried and Sweetened | F60: No | G60: No | H60: Yes | I60: Copied from Wellocks specification. | J60: P0001860 | K60: The Newt in Somerset | L60: Approved | M60: Dried | N60: None | O60: None | P60: Dried Cranberries | Q60: Breakdown | R60: No | T60: 90 | U60: Days | AD60: Days | AE60: 0 | AF60: 0 | AG60: 100 | AH60: 8.56 | AI60: Bag | AJ60: Dry Goods | AK60: 100 | AL60: 1439 | AM60: 339 | AN60: 0.2 | AO60: 0.3 | AP60: 0.1 | AT60: 82 | AV60: 72 | AY60: 4.0 | AZ60: 40.00 | BA60: 0.1 | CM60: No | DB60: Canada, United States | DC60: United Kingdom
A61: NPD-I10974 | B61: Somerset 3 Year Old Cider Brandy | D61: 17-247 | E61: Spirits, 40% volume | F61: No | G61: No | H61: Yes | I61: Copied from McCance and Widdowson (17-247) | K61: The Newt in Somerset | L61: Approved | M61: Ambient | N61: None | O61: None | P61: Cider Brandy | Q61: Breakdown | R61: No | T61: 2 | U61: Years | AD61: Days | AE61: 0 | AF61: 0 | AG61: 100 | AH61: 24.87 | AI61: Bottle | AJ61: Dry Goods | AK61: 100 | AL61: 919 | AM61: 222 | AN61: Tr | AO61: 0.0 | AP61: 0.00 | AQ61: 0.00 | AR61: 0.00 | AS61: 0.00 | AT61: Tr | AU61: 0.0 | AV61: Tr | AY61: 0.0 | AZ61: Tr | BB61: 68.3 | BC61: Tr | BD61: 46.0 | BE61: 0.0 | BH61: Tr | BI61: Tr | BJ61: Tr | BK61: Tr | BL61: Tr | BM61: Tr | BN61: Tr | BO61: Tr | BP61: Tr | BQ61: Tr | BR61: Tr | BS61: 0 | BT61: 0 | BW61: 0 | BX61: 0.0 | BZ61: 0.00 | CB61: 0.00 | CC61: 0.00 | CD61: 0.0 | CE61: 0.0 | CG61: 0.00 | CH61: 0.0 | CI61: 0 | CJ61: 0.00 | CK61: 0.0 | CM61: No | DB61: United Kingdom | DC61: United Kingdom
A62: NPD-I10975 | B62: Prune Pitted Dried | F62: No | G62: No | H62: Yes | I62: Copied from Wellocks product specification. | J62: P0000862 | K62: The Newt in Somerset | L62: Approved | M62: Dried | N62: None | O62: None | P62: Prunes | Q62: Breakdown | R62: No | T62: 90 | U62: Days | AD62: Days | AE62: 0 | AF62: 0 | AG62: 100 | AH62: 11.64 | AI62: Bag | AJ62: Dry Goods | AK62: 100 | AL62: 681 | AM62: 161 | AN62: 2.5 | AO62: 0.4 | AT62: 34 | AV62: 34 | AZ62: 40.00 | BA62: 0.1 | CM62: No | DB62: United Kingdom | DC62: United Kingdom
A63: NPD-I10977 | B63: Sultanas | F63: No | G63: No | H63: Yes | I63: Copied from Wellocks product specification. | J63: P0001398 | K63: The Newt in Somerset | L63: Approved | M63: Ambient | N63: None | O63: None | Q63: Breakdown | R63: No | S63: Turkish Sultanaas Appearance: Mid to golden brown ovals, typical of photograph Aroma: Sweet, with no off or rancid odours Taste: Sweet, with no off or rancid flavours Texture: Slightly soft, free flowing, not sticky and clumpy | T63: 90 | U63: Days | V63: 365 days at packing. | AD63: Days | AE63: 0 | AF63: 0 | AG63: 100 | AH63: 4.67 | AI63: Kilograms | AJ63: Dry Goods | AK63: 100 | AL63: 1257 | AM63: 296 | AN63: 2.7 | AO63: 0.4 | AP63: 0.1 | AT63: 69.4 | AV63: 69.4 | AY63: 2 | AZ63: 40.00 | BA63: 0.1 | CM63: No | DB63: Turkey | DC63: United Kingdom
A64: NPD-I10978 | B64: Dates Whole Pitted | F64: No | G64: No | H64: Yes | I64: Copied from Wellocks product specification. | J64: P0000086 | K64: The Newt in Somerset | L64: Approved | N64: None | O64: None | P64: Dates | Q64: Breakdown | R64: No | T64: 12 | U64: Months | V64: 12 months from manufacture. | AD64: Days | AE64: 0 | AF64: 0 | AG64: 100 | AH64: 3.75 | AI64: Bag | AJ64: Dry Goods | AK64: 100 | AL64: 1252 | AM64: 295 | AN64: 3.3 | AO64: 0.2 | AP64: 0.1 | AT64: 68.0 | AV64: 68.0 | AZ64: 4.00 | BA64: 0.01 | CM64: No | DB64: Iran, Pakistan | DC64: United Kingdom
A65: NPD-I10980 | B65: Marmalade Tiptree Orange 3kg | F65: No | G65: No | H65: Yes | I65: Copied from Wellocks product specification. | J65: P0001369 | K65: The Newt in Somerset | L65: Approved | M65: Ambient | N65: None | O65: None | P65: Marmalade | Q65: Breakdown | R65: No | T65: 12 | U65: Months | AD65: Days | AE65: 0 | AF65: 0 | AG65: 100 | AH65: 18.53 | AI65: Tub | AJ65: Dry Goods | AK65: 100 | AL65: 1158 | AM65: 273 | AN65: 0.0 | AO65: 0.0 | AP65: 0.0 | AT65: 67 | AV65: 66 | BA65: 0.0 | CM65: No | DB65: United Kingdom | DC65: United Kingdom
A66: NPD-I10982 | B66: Marzipan | D66: 14-875 | E66: Marzipan, white and yellow, retail | F66: No | G66: No | H66: Yes | I66: Supplier Spec | J66: P0001681 | K66: The Newt in Somerset | L66: Approved | N66: None | O66: None | Q66: Breakdown | R66: No | T66: 300 | U66: Days | AD66: Days | AE66: 0 | AF66: 0 | AG66: 100 | AH66: 8.63 | AI66: Bag | AJ66: Dry Goods | AK66: 100 | AL66: 1818 | AM66: 432 | AN66: 5.7 | AO66: 14 | AP66: 1.3 | AT66: 69 | AU66: 0.0 | AV66: 64 | AY66: 2.4 | AZ66: 0.00 | BA66: 0 | BC66: 1.02 | BD66: 0.0 | BH66: 160 | BI66: 66 | BJ66: 68 | BK66: 130 | BL66: 0.90 | BM66: 0.24 | BN66: 0.8 | BO66: 23 | BP66: 0.40 | BQ66: 1 | BR66: Tr | BS66: 0 | BT66: 0 | BW66: 0 | BX66: 0.0 | BZ66: 6.18 | CB66: 0.05 | CC66: 0.19 | CD66: 0.7 | CE66: 0.9 | CG66: 0.04 | CH66: 0.0 | CI66: 12 | CJ66: 0.11 | CK66: 16.0 | CM66: No | DB66: United Kingdom | DC66: United Kingdom
A67: NPD-I10983 | B67: Apple Bramley (by weight) | D67: 14-346 | E67: Apples, eating, raw, flesh and skin, weighed with core | F67: No | G67: No | H67: Yes | I67: Copied from McCance & Widdowson database | J67: P0003577 | K67: The Newt in Somerset | L67: Approved | M67: Chilled | N67: None | O67: None | P67: Bramley Apple | Q67: Breakdown | R67: No | S67: Awaiting UOM info. | T67: 10 | U67: Days | V67: 10 days minimum. | AD67: Days | AE67: 0 | AF67: 0 | AG67: 100 | AH67: 2.19 | AI67: Kilograms | AJ67: Frozen Goods | AK67: 100 | AL67: 116 | AM67: 27 | AN67: 0.2 | AO67: 0.2 | AP67: 0.1 | AT67: 6.5 | AV67: 6.4 | AZ67: 0.1 | BA67: 0.0003 | BC67: 0.08 | BH67: 87 | BI67: 5 | BJ67: 4 | BK67: 7 | BL67: 0.08 | BM67: 0.03 | BN67: Tr | BO67: 38 | BP67: 0.03 | BQ67: Tr | BR67: 0.004 | BS67: 0 | BT67: 12 | BW67: 5 | BX67: 0.0 | BZ67: 0.08 | CB67: 0.03 | CC67: 0.03 | CD67: 0.1 | CE67: Tr | CG67: 0.06 | CH67: 0.0 | CI67: Tr | CJ67: 0.09 | CK67: 1.0 | CM67: No | DB67: United Kingdom | DC67: United Kingdom
A68: NPD-I10984 | B68: Somerset Medium Cider 8% | D68: 17-222 | E68: Cider, dry | F68: No | G68: No | H68: Yes | I68: Copied from McCance and Widdowson (17-222) | K68: The Newt in Somerset | L68: Approved | M68: Chilled | N68: None | O68: None | P68: Somerset Medium Cider 8% ABV | Q68: Breakdown | R68: No | S68: Awaiting supplier information. | T68: 3 | U68: Months | AD68: Days | AE68: 0 | AF68: 0 | AG68: 100 | AH68: 1.3 | AI68: Kilograms | AJ68: Dry Goods | AK68: 100 | AL68: 152 | AM68: 36 | AN68: Tr | AO68: 0.0 | AP68: 0.00 | AQ68: 0.00 | AR68: 0.00 | AS68: 0.00 | AT68: 2.6 | AU68: 0.0 | AV68: 2.6 | AY68: 0.0 | AZ68: 7 | BA68: 0.0175 | BB68: 92.5 | BC68: Tr | BD68: 3.8 | BE68: 0.0 | BH68: 72 | BI68: 8 | BJ68: 3 | BK68: 3 | BL68: 0.50 | BM68: 0.04 | BN68: Tr | BO68: 6 | BP68: Tr | BQ68: Tr | BR68: N | BS68: 0 | BT68: Tr | BW68: 0 | BX68: 0.0 | BZ68: N | CB68: Tr | CC68: Tr | CD68: 0.0 | CE68: Tr | CG68: 0.01 | CH68: Tr | CI68: N | CJ68: 0.04 | CK68: 1.0 | CM68: No | DB68: United Kingdom | DC68: United Kingdom
A69: NPD-I10987 | B69: Nibbed Almonds | F69: No | G69: No | H69: Yes | I69: Copied from Wellocks product specification. | J69: P0000036 | K69: The Newt in Somerset | L69: Approved | M69: Dried | N69: None | O69: None | Q69: Breakdown | R69: No | T69: 90 | U69: Days | AD69: Days | AE69: 0 | AF69: 0 | AG69: 100 | AH69: 14.06 | AI69: Kilograms | AJ69: Dry Goods | AK69: 100 | AL69: 2600 | AM69: 629 | AN69: 21.1 | AO69: 55.8 | AP69: 4.4 | AT69: 6.9 | AV69: 4.2 | AY69: 7.4 | AZ69: 0.0 | BA69: 0.1 | CM69: No | DB69: Spain, United States | DC69: United Kingdom
A70: NPD-I10992 | B70: Vinegar Wine White | F70: No | G70: No | H70: Yes | I70: Supplier spec | J70: P0000972 | K70: The Newt in Somerset | L70: Approved | M70: Ambient | N70: None | O70: None | P70: White Wine Vinegar | Q70: Breakdown | R70: No | T70: 5 | U70: Years | AD70: Days | AE70: 0 | AF70: 0 | AG70: 100 | AH70: 4.75 | AI70: Bottle | AJ70: Dry Goods | AK70: 100 | AL70: 86 | AM70: 20 | AN70: 0 | AO70: 0 | AP70: 0 | AT70: 0.3 | AV70: 0 | AY70: 0 | AZ70: 8.00 | BA70: 0.02 | CM70: No | DB70: Spain | DC70: United Kingdom
A71: NPD-I11025 | B71: Strawberries | D71: 14-324 | E71: Strawberries, raw | F71: No | G71: No | H71: Yes | I71: Wellocks Product spec | J71: P0002528 | K71: The Newt in Somerset | L71: Approved | M71: Frozen | N71: None | O71: None | Q71: Breakdown | R71: No | T71: 2 | U71: Years | AC71: 2 | AD71: Days | AE71: 0 | AF71: 0 | AG71: 100 | AH71: 5.3 | AI71: Kilograms | AJ71: Fruit & Veg | AK71: 100 | AL71: 195 | AM71: 47 | AN71: .5 | AO71: .2 | AP71: .1 | AS71: 0.00 | AT71: 8.4 | AU71: 0.0 | AV71: 4.7 | AZ71: 1.80 | BA71: 0.0045 | BB71: 91.6 | BC71: 0.09 | BD71: 0.0 | BE71: 0.0 | BH71: 170 | BI71: 17 | BJ71: 12 | BK71: 26 | BL71: 0.25 | BM71: 0.03 | BN71: 0.1 | BO71: 62 | BP71: 0.31 | BQ71: Tr | BR71: 0.001 | BS71: 0 | BT71: Tr | BW71: 57 | BX71: 0.0 | BZ71: 0.39 | CB71: 0.02 | CC71: 0.02 | CD71: 0.6 | CE71: 0.1 | CG71: 0.03 | CH71: 0.0 | CI71: 61 | CJ71: 0.37 | CK71: 1.2 | CM71: No | DB71: Poland | DC71: Poland
A72: NPD-I11040 | B72: MUSTARD ENGLISH POWDER COLMANS | F72: No | G72: No | H72: Yes | I72: Copied from Wellocks product specification. | J72: P0001065 | K72: The Newt in Somerset | L72: Approved | M72: Ambient | N72: None | O72: None | P72: Mustard Powder | Q72: Breakdown | R72: No | T72: 18 | U72: Months | AD72: Days | AE72: 0 | AF72: 0 | AG72: 100 | AH72: 12.35 | AI72: Tub | AJ72: Dry Goods | AK72: 100 | AL72: 2300 | AM72: 560 | AN72: 29 | AO72: 42 | AP72: 2.5 | AT72: 12 | AV72: 7 | AY72: 11 | AZ72: 8.00 | BA72: 0.02 | CM72: No | DB72: United Kingdom | DC72: United Kingdom
A73: NPD-I11045 | B73: WILDFARMED PIZZA FLOUR (T45) | F73: No | G73: No | H73: Yes | I73: Copied from Wild Farmed specification. | J73: WFPIZZA16 | K73: The Newt in Somerset | L73: Approved | M73: Ambient | N73: None | O73: None | P73: Wheat Flour | Q73: Breakdown | R73: No | S73: A medium strength all-purpose pizza flour. | T73: 9 | U73: Months | V73: Production day + 9 months. | AD73: Days | AE73: 0 | AF73: 0 | AG73: 100 | AH73: 18.4 | AI73: Trade Paper Bag | AJ73: Dry Goods | AK73: 100 | AL73: 1532 | AM73: 361 | AN73: 12.7 | AO73: 0.6 | AP73: 0.12 | AT73: 74.83 | AV73: 1.52 | AY73: 2.7 | BA73: 0 | CM73: No | DB73: United Kingdom | DC73: United Kingdom
A74: NPD-I11047 | B74: Lemons | F74: No | G74: No | H74: Yes | I74: Copied from Wellocks product specification. | J74: P0006298 | K74: The Newt in Somerset | L74: Approved | M74: Chilled | N74: None | O74: None | Q74: Breakdown | R74: No | T74: 10 | U74: Days | W74: 10 | X74: Days | AD74: Days | AE74: 0 | AF74: 0 | AG74: 100 | AH74: 0.33 | AI74: Each | AJ74: Fruit & Veg | AK74: 100 | AL74: 79 | AM74: 19 | AN74: 1.0 | AO74: 0.3 | AP74: 0.1 | AT74: 3.2 | AU74: 3.2 | AZ74: 50.00 | BA74: 0.125 | CM74: No | DB74: Spain | DC74: United Kingdom
A75: NPD-I11056 | B75: SEEDS CHIA (AF) | F75: No | G75: No | H75: Yes | I75: Copied from Wellocks product specification. | J75: P0018618 Wellocks | K75: The Newt in Somerset | L75: Approved | M75: Ambient | N75: None | O75: None | P75: Chia Seeds (Salvia hispanica) | Q75: Breakdown | R75: No | T75: 9 | U75: Months | AD75: Days | AE75: 0 | AF75: 0 | AG75: 100 | AH75: 5.94 | AI75: Tub | AJ75: Dry Goods | AK75: 100 | AL75: 2034 | AM75: 486 | AN75: 16.54 | AO75: 30.74 | AP75: 3.3 | AT75: 42.12 | AV75: 0.0 | AY75: 34.4 | AZ75: 16.00 | BA75: 0.04 | CM75: No | DB75: Argentina, Bolivia, Peru | DC75: United Kingdom
A76: NPD-I11057 | B76: FLOUR RYE DARK 100% | D76: 11-897 | E76: Flour, rye | F76: No | G76: No | H76: Yes | I76: Copied from Wellocks product specification. | J76: WHOL006 | K76: The Newt in Somerset | L76: Approved | M76: Ambient | N76: None | O76: None | P76: Rye Flour | Q76: Breakdown | R76: No | T76: 6 | U76: Months | V76: 9 months from manufacture when stored as directed. | AD76: Days | AE76: 0 | AF76: 0 | AG76: 100 | AH76: 33.53 | AI76: Sack | AJ76: Dry Goods | AK76: 100 | AL76: 1364 | AM76: 323 | AN76: 9.5 | AO76: 1.7 | AP76: 0.2 | AT76: 60.7 | AV76: 2.2 | AY76: 13.4 | AZ76: 1.00 | BA76: 0.0025 | BC76: 1.25 | BD76: 0.0 | BH76: 419 | BI76: 33 | BJ76: 85 | BK76: 307 | BL76: 2.43 | BM76: 0.33 | BN76: 2.3 | BO76: 53 | BP76: 2.24 | BQ76: 2 | BR76: Tr | BS76: 0 | BT76: 0 | BW76: 0 | BX76: 0.0 | BZ76: 0.64 | CB76: 0.35 | CC76: 0.12 | CD76: 0.9 | CE76: 1.8 | CG76: 0.36 | CH76: 0.0 | CI76: 60 | CJ76: 0.69 | CK76: 6.9 | CM76: No | DB76: Germany | DC76: United Kingdom
A77: NPD-I11060 | B77: ICING REGAL WHITE (2 X 2.5KILOS) | F77: No | G77: No | H77: Yes | I77: Copied from Wellocks product specification. | J77: P0002937 | K77: The Newt in Somerset | L77: Approved | M77: Ambient | N77: None | O77: None | P77: Icing | Q77: Breakdown | R77: No | S77: A white coloured ready to use icing | T77: 6 | U77: Months | AD77: Days | AE77: 0 | AF77: 0 | AG77: 100 | AH77: 73.16 | AI77: Box | AJ77: Dry Goods | AK77: 100 | AL77: 1946 | AM77: 388 | AN77: 0.0 | AO77: 3.2 | AP77: 2.0 | AT77: 90 | AV77: 88.6 | AY77: 0.0 | AZ77: 4.00 | BA77: 0.01 | CM77: No | DB77: United Kingdom | DC77: United Kingdom
A78: NPD-I11061 | B78: Curtis - Cut Mixed Peel 1Kg | F78: No | G78: No | H78: Yes | I78: Copied from Ritter Courivaud product specification. | J78: 805075 | K78: The Newt in Somerset | L78: Approved | M78: Dried | N78: None | O78: None | P78: Mixed Peel | Q78: Breakdown | R78: No | S78: Specs last updated on Ritter's website in March 2022 - updated Jan 26 | T78: 365 | U78: Days | V78: Shelf Life from Time of Production. | W78: 120 | X78: Days | Y78: Guaranteed Shelf Life on Delivery | AD78: Days | AE78: 0 | AF78: 0 | AG78: 100 | AH78: 6.36 | AI78: Pack | AJ78: Dry Goods | AK78: 100 | AL78: 1301 | AM78: 306 | AN78: 0.1 | AO78: 0.0 | AP78: 0.0 | AT78: 75 | AV78: 75.1 | AY78: 0.9 | AZ78: 200.00 | BA78: 0.5 | CM78: No | DB78: Italy | DC78: Italy
A79: NPD-I11067 | B79: Cacao Barry EXCELLENCE Dark couverture chocolate 5kg | F79: No | G79: No | H79: Yes | I79: Erudus spec | J79: CHD-R55EXEL-E4-U72 / 100106 | K79: The Newt in Somerset | L79: Approved | M79: Ambient | N79: None | O79: None | P79: Dark Chocolate | Q79: Breakdown | R79: No | S79: Specs last updated on Ritter's website in July 2021 | T79: 730 | U79: Days | W79: 365 | X79: Days | AD79: Days | AE79: 0 | AF79: 0 | AG79: 100 | AH79: 91.12 | AI79: Bag | AJ79: Dry Goods | AK79: 100 | AL79: 2320 | AM79: 555 | AN79: 5.1 | AO79: 37.3 | AP79: 22.3 | AQ79: 12.1 | AR79: 1.2 | AT79: 45.1 | AU79: 2.3 | AV79: 42.4 | AY79: 8.1 | AZ79: 4.00 | BA79: 0.01 | BI79: 28.8 | BL79: 12.47 | BN79: 1.44 | BV79: 14.86 | CI79: 11.73 | CM79: No | DB79: France | DC79: France
A80: NPD-I11090 | B80: Walnut Halves | F80: No | G80: No | H80: Yes | I80: Supplier Spec | J80: P0001401 | K80: The Newt in Somerset | L80: Approved | M80: Ambient | N80: None | O80: None | P80: Walnuts | Q80: Breakdown | R80: No | T80: 364 | U80: Days | W80: 90 | X80: Days | AD80: Days | AE80: 0 | AF80: 0 | AG80: 100 | AH80: 11.07 | AI80: Kilograms | AJ80: Dry Goods | AK80: 100 | AL80: 2837 | AM80: 688 | AN80: 14.7 | AO80: 68.5 | AP80: 7.5 | AT80: 3.3 | AV80: 2.6 | AY80: 3.5 | AZ80: 40.00 | BA80: 0.1 | CM80: No | DB80: Moldova, Hungary, United Kingdom, China, India | DC80: United Kingdom
A81: NPD-I11124 | B81: Manitoba Flour (Marriage's) | F81: No | G81: No | H81: Yes | I81: Supplier Spec | J81: 60008P | K81: The Newt in Somerset | L81: Approved | M81: Ambient | N81: None | O81: None | P81: Wheat Flour | Q81: Breakdown | R81: No | S81: Fungal Alpha Amylase, Xylanase processing aids | T81: 270 | U81: Days | AD81: Days | AE81: 0 | AF81: 0 | AG81: 100 | AH81: 27.74 | AI81: Bag | AJ81: Dry Goods | AK81: 100 | AL81: 1476 | AM81: 348 | AN81: 14.9 | AO81: 1.5 | AP81: 0.4 | AT81: 70.1 | AV81: 2.4 | AY81: 2.7 | AZ81: 0 | BA81: 0 | BB81: 14 | CM81: No | DB81: Canada
A82: NPD-I11134 | B82: Ground Turmeric Powder (AF) | F82: No | G82: No | H82: Yes | J82: GROU015 | K82: The Newt in Somerset | L82: Approved | M82: Dried | N82: None | O82: None | P82: Turmeric | Q82: Breakdown | R82: No | T82: 18 | U82: Months | W82: 9 | X82: Months | AD82: Days | AE82: 0 | AF82: 0 | AG82: 100 | AH82: 3.86 | AI82: Tub | AJ82: Dry Goods | AK82: 100 | AL82: 1305 | AM82: 312 | AN82: 9.68 | AO82: 3.25 | AP82: .1 | AT82: 67.14 | AV82: 2.7 | AY82: 22.7 | AZ82: 27.00 | BA82: .0675 | CM82: No | DB82: India | DC82: United Kingdom
A83: NPD-I11135 | B83: Porridge Oats Glebe Farm Gluten Free | F83: No | G83: No | H83: Yes | I83: Wellocks spec | J83: P0018823 | K83: The Newt in Somerset | L83: Approved | M83: Ambient | N83: None | O83: None | P83: Oats | Q83: Breakdown | R83: No | T83: 15 | U83: Months | Z83: 1 | AA83: Weeks | AC83: 2 | AD83: Days | AE83: 0 | AF83: 0 | AG83: 100 | AH83: 19.48 | AI83: Bag | AJ83: Dry Goods | AK83: 100 | AL83: 1492 | AM83: 354 | AN83: 14.7 | AO83: 4.9 | AP83: .9 | AT83: 67.2 | AV83: 1.2 | AY83: 9.1 | AZ83: 6 | CM83: No | DB83: United Kingdom | DC83: United Kingdom
A84: NPD-I11136 | B84: BeBetter Plant Based Butter Alternative | F84: No | G84: No | H84: Yes | I84: Erudus | J84: 1001708 | K84: The Newt in Somerset | L84: Approved | M84: Chilled | N84: None | O84: None | P84: Vegan Spread | Q84: Breakdown | R84: No | T84: 150 | U84: Days | AC84: 2 | AD84: Days | AE84: 0 | AF84: 0 | AG84: 100 | AH84: 48.09 | AI84: Case | AJ84: Dry Goods | AK84: 100 | AL84: 2960 | AM84: 720 | AN84: 0 | AO84: 80 | AP84: 42 | AT84: 0 | AV84: 0 | AZ84: 0.00 | BA84: 0.0000 | CM84: No | DB84: The Netherlands | DC84: The Netherlands
A85: NPD-I11157 | B85: Salt Sea Rock Coarse WOACSEA10 (10kg) | D85: 17-367 | E85: Salt | F85: No | G85: No | H85: Yes | I85: Supplier spec | J85: P0019950 | K85: The Newt in Somerset | L85: Approved | M85: Ambient | N85: None | O85: None | P85: Salt | Q85: Breakdown | R85: No | S85: Salt with a larger crystal size and slightly stronger flavour than traditional table salt. Used in the same ways as standard salt. | T85: 3 | U85: Years | AD85: Days | AE85: 0 | AF85: 0 | AG85: 100 | AH85: 8.55 | AI85: Sack | AJ85: Dry Goods | AK85: 100 | AL85: 0 | AM85: 0 | AN85: 0.0 | AO85: 0.0 | AP85: 0.00 | AQ85: 0.00 | AR85: 0.00 | AS85: 0.00 | AT85: 0.0 | AU85: 0.0 | AV85: 0.0 | AY85: 0.0 | AZ85: 40000.00 | BA85: 100 | BB85: Tr | BC85: 0.00 | BD85: 0.0 | BE85: 0.0 | BH85: 89 | BI85: 10 | BJ85: 76 | BK85: 1 | BL85: 0.30 | BM85: 0.08 | BN85: 0.1 | BO85: 59900 | BP85: Tr | BQ85: N | BR85: 0.044 | BS85: 0 | BT85: 0 | BW85: 0 | BX85: 0.0 | BZ85: 0.00 | CA85: 0 | CB85: 0.00 | CC85: 0.00 | CD85: 0.0 | CE85: 0.0 | CG85: 0.00 | CH85: 0.0 | CI85: 0 | CJ85: 0.00 | CK85: 0.0 | CM85: No | DB85: Israel | DC85: Israel
A86: NPD-I11168 | B86: Frozen Raspberries (1kg) | F86: No | G86: No | H86: Yes | I86: Supplier Spec | J86: P0019883 | K86: The Newt in Somerset | L86: Approved | M86: Frozen | N86: None | O86: None | P86: Raspberries | Q86: Breakdown | R86: No | T86: 1.5 | U86: Years | AD86: Days | AE86: 0 | AF86: 0 | AG86: 100 | AH86: 11.83 | AI86: Bag | AJ86: Frozen Goods | AK86: 100 | AL86: 133 | AM86: 32 | AN86: 1.4 | AO86: 0.3 | AP86: 0.1 | AT86: 4.6 | AV86: 4.6 | AY86: 2.5 | AZ86: 4.00 | BA86: 0.01 | CM86: No | DB86: Mexico, Albania, Bosnia & Herzegovina, Serbia, Ukraine, Poland, Morocco, Chile | DC86: Mexico, Albania, Bosnia & Herzegovina, Serbia, Ukraine, Poland, Morocco, Chile
A87: NPD-I11177 | B87: Ground Turmeric Powder (AF, 500g) | D87: 13-861 | E87: Turmeric, ground | F87: No | G87: No | H87: Yes | I87: Wellocks spec | J87: P0018418 | K87: The Newt in Somerset | L87: Approved | M87: Dried | N87: None | O87: None | P87: Turmeric | Q87: Breakdown | R87: No | S87: Dried ground root of Curcumin longa. BRC supplier | T87: 18 | U87: Months | W87: 9 | X87: Months | AD87: Days | AE87: 0 | AF87: 0 | AG87: 100 | AH87: 2.99 | AI87: Tub | AJ87: Dry Goods | AK87: 100 | AL87: 1305 | AM87: 312 | AN87: 6.7 | AO87: 3.25 | AP87: 0.1 | AT87: 67.14 | AV87: 2.7 | AZ87: 27.00 | BA87: 0.0675 | BB87: 9.9 | BC87: 1.07 | BE87: 0.0 | BH87: 2910 | BI87: 170 | BJ87: 190 | BK87: 290 | BL87: 39.50 | BM87: 1.00 | BN87: 3.2 | BO87: N | BP87: 3.70 | BQ87: N | BR87: N | BS87: 0 | BT87: 15 | BW87: 0 | BX87: 0.0 | BZ87: N | CB87: 0.09 | CC87: 0.11 | CD87: 3.7 | CE87: N | CG87: N | CH87: 0.0 | CI87: 0 | CJ87: N | CK87: N | CM87: No | DB87: India | DC87: United Kingdom
A88: NPD-I11204 | B88: Wildfarmed Plain Flour | D88: 11-886 | E88: Flour, wheat, white, plain, soft | F88: No | G88: No | H88: Yes | I88: Copied from McCance and Widdowson (11-886) | J88: WFPLAIN16 | K88: The Newt in Somerset | L88: Approved | M88: Ambient | N88: None | O88: None | P88: Wheat Flour | Q88: Breakdown | R88: No | T88: 12 | U88: Months | AD88: Days | AE88: 0 | AF88: 0 | AG88: 100 | AH88: 24.91 | AI88: Trade Paper Sack | AJ88: Dry Goods | AK88: 100 | AL88: 1545 | AM88: 364 | AN88: 11.7 | AO88: 0.6 | AP88: 0.12 | AT88: 76.63 | AV88: 1.39 | AY88: 2.7 | AZ88: 0.00 | BA88: 0 | BB88: 11.6 | BC88: 1.60 | BD88: 0.0 | BH88: 175 | BI88: 96 | BJ88: 23 | BK88: 114 | BL88: 1.94 | BM88: 0.15 | BN88: 0.7 | BO88: 143 | BP88: 0.70 | BQ88: 3 | BR88: Tr | BS88: 0 | BT88: 0 | BW88: 0 | BX88: 0.0 | BZ88: 0.59 | CB88: 0.28 | CC88: 0.05 | CD88: 1.7 | CE88: 2.0 | CG88: 0.18 | CH88: 0.0 | CI88: 16 | CJ88: 0.44 | CK88: 1.8 | CM88: No | DB88: France, United States, United Kingdom, China, India | DC88: United Kingdom
A89: NPD-I11207 | B89: Barber's Mature Cheddar Cheese | D89: 12-346 | E89: Cheese, Cheddar, English | F89: No | G89: No | H89: Yes | I89: Barber Spec | J89: S-Ba-01 | K89: The Newt in Somerset | L89: Approved | M89: Chilled | N89: None | O89: None | Q89: Breakdown | R89: No | S89: 20 samples of English cheddar, including mild and mature, spring and autumn | T89: 3 | U89: Months | AD89: Days | AE89: 0 | AF89: 0 | AG89: 100 | AH89: 7.61 | AI89: Kilograms | AJ89: Dairy & Eggs | AK89: 100 | AL89: 1725 | AM89: 416 | AN89: 25.4 | AO89: 34.9 | AP89: 21.68 | AT89: 0.1 | AU89: 0.0 | AV89: 0.1 | AY89: 0.0 | AZ89: 723.00 | BA89: 1.8075 | BB89: 36.6 | BC89: 3.98 | BD89: 0.0 | BE89: 97.0 | BH89: 75 | BI89: 739 | BJ89: 29 | BK89: 505 | BL89: 0.30 | BM89: 0.03 | BN89: 4.1 | BO89: 1040 | BP89: 0.03 | BQ89: 6 | BR89: 0.03 | BS89: 364 | BT89: 141 | BW89: Tr | BX89: 0.3 | BZ89: 0.52 | CA89: 0.776048 | CB89: 0.03 | CC89: 0.39 | CD89: 0.1 | CE89: 6.8 | CG89: 0.15 | CH89: 2.4 | CI89: 31 | CJ89: 0.50 | CK89: 4.4 | CM89: No | DB89: United Kingdom | DC89: United Kingdom
A90: NPD-I11210 | B90: Mona Lisa Dark Choc Spring Shavings CHOCOLATE SHAVINGS | D90: 17-491 | E90: Chocolate, plain | F90: No | G90: No | H90: Yes | I90: Supplier Spec | J90: CHD-SV-22206E0-08B | K90: The Newt in Somerset | L90: Approved | M90: Ambient | N90: None | O90: None | P90: Dark Chocolate | Q90: Breakdown | R90: No | S90: 6 bars, 3 brands; 36-50% cocoa solids Max 1% moisture Storage Temperature : 12 - 20 °C | T90: 24 | U90: Months | AD90: Days | AE90: 0 | AF90: 0 | AG90: 100 | AH90: 35.39 | AI90: Tub | AJ90: Dry Goods | AK90: 100 | AL90: 2159 | AM90: 520 | AN90: 5.1 | AO90: 30.3 | AP90: 18.2 | AT90: 52.2 | AV90: 49.7 | AY90: 8 | AZ90: 4.00 | BA90: 0.01 | BC90: 0.80 | BD90: 0.0 | BH90: 300 | BI90: 33 | BJ90: 89 | BK90: 140 | BL90: 2.30 | BM90: 0.71 | BN90: 1.3 | BO90: 9 | BP90: 0.63 | BQ90: 4 | BR90: 0.003 | BS90: 15 | BT90: 15 | BW90: 0 | BX90: 0.0 | BZ90: 1.44 | CA90: 2.149056 | CB90: 0.04 | CC90: 0.06 | CD90: 0.4 | CE90: 0.7 | CG90: 0.03 | CH90: 0.0 | CI90: 12 | CJ90: 0.30 | CK90: 3.0 | CM90: No | DB90: Belgium | DC90: The Netherlands
A91: NPD-I11386 | B91: Prima 300 | F91: No | G91: No | H91: Yes | K91: The Newt in Somerset | L91: Approved | M91: Ambient | N91: None | O91: None | P91: Cornflour | Q91: Breakdown | R91: No | T91: 24 | U91: Months | AD91: Days | AE91: 0 | AF91: 0 | AG91: 100 | AH91: 0.2262 | AI91: Kilograms | AJ91: Dry Goods | AK91: 100 | AL91: 1518.10 | AM91: 357 | AN91: 0.1 | AO91: 0.1 | AP91: 0.0 | AT91: 89.3 | AV91: 0.1 | AZ91: 22.00 | BA91: 0.0550 | CM91: No | DB91: United States | DC91: United States
A92: NPD-I11423 | B92: Invert Sugar Syrup | F92: No | G92: No | H92: Yes | K92: The Newt in Somerset | L92: Approved | M92: Ambient | N92: None | O92: None | Q92: Description | R92: No | T92: 12 | U92: Months | AD92: Days | AE92: 0 | AF92: 0 | AG92: 100 | AH92: 3.87 | AI92: Kilograms | AJ92: Dry Goods | AK92: 100 | AL92: 1394 | AM92: 328 | AN92: 0 | AO92: 0 | AT92: 82 | AV92: 82 | AY92: 0 | BA92: 0 | CM92: No | DB92: Belgium | DC92: Belgium
A93: NPD-I11490 | B93: Cacao Barry Cocoa Powder Extra Brute | F93: No | G93: No | H93: Yes | J93: 100077 | K93: The Newt in Somerset | L93: Approved | M93: Ambient | N93: None | O93: None | P93: Cocoa Powder | Q93: Breakdown | R93: No | T93: 730 | U93: Days | AD93: Days | AE93: 0 | AF93: 0 | AG93: 100 | AH93: 16.35 | AI93: Kilograms | AJ93: Dry Goods | AK93: 100 | AL93: 1605 | AM93: 384 | AN93: 19 | AO93: 23 | AP93: 14 | AT93: 8.8 | AV93: 0.4 | AY93: 29 | AZ93: 16.2 | BA93: 0.0405 | CM93: No | DB93: Ghana, Ecuador | DC93: Switzerland
A94: NPD-I11491 | B94: Almond Extract 201545 | F94: No | G94: No | H94: Yes | K94: The Newt in Somerset | L94: Approved | M94: Ambient | N94: None | O94: None | P94: Almond Extract | Q94: Breakdown | R94: No | T94: 1095 | U94: Days | AD94: Days | AE94: 0 | AF94: 0 | AG94: 100 | AH94: 4.05 | AI94: Bottle | AJ94: Dry Goods | AK94: 100 | CM94: No | DB94: United States | DC94: United States
A95: NPD-I11502 | B95: Superpomme Apple Filling | F95: No | G95: No | H95: Yes | K95: The Newt in Somerset | L95: Approved | M95: Ambient | N95: None | O95: None | P95: Apple Puree | Q95: Breakdown | R95: No | T95: 1095 | U95: Days | Z95: 3 | AA95: Days | AD95: Days | AE95: 0 | AF95: 0 | AG95: 100 | AH95: 4.89 | AI95: Kilograms | AJ95: Dry Goods | AK95: 100 | AL95: 682 | AM95: 161 | AN95: 0.5 | AO95: 0.5 | AP95: 0.2 | AT95: 38 | AV95: 36 | AZ95: 4.00 | BA95: 0.01 | CM95: No | DB95: France | DC95: France
A96: NPD-I11510 | B96: Mona Lisa Dark Chocolate Blossoms 2.5kg CHD-BS-19850E0-74A | F96: No | G96: No | H96: Yes | J96: 200414 | K96: The Newt in Somerset | L96: Approved | M96: Ambient | N96: None | O96: None | P96: Dark Chocolate | Q96: Breakdown | R96: No | S96: specs not updated on Erudus since June 2021 | T96: 730 | U96: Days | AD96: Days | AE96: 0 | AF96: 0 | AG96: 100 | AH96: 48.38 | AI96: case | AJ96: Dry Goods | AK96: 100 | AL96: 2175 | AM96: 520 | AN96: 5.1 | AO96: 30.3 | AP96: 18.2 | AQ96: 9.8 | AR96: 0.9 | AT96: 52.2 | AU96: 2.2 | AV96: 49.7 | AY96: 8 | AZ96: 4.4 | BA96: 0.0110 | BI96: 28.4 | BL96: 12.61 | BN96: 1.42 | BV96: 12.08 | CI96: 10.28 | CM96: No | DB96: The Netherlands | DC96: The Netherlands
A97: NPD-I11607 | B97: VISTAMALT BLACK FLOUR 1250 | F97: No | G97: No | H97: Yes | K97: The Newt in Somerset | L97: Approved | M97: Ambient | N97: None | O97: None | P97: Roasted Malted Barley Flour | Q97: Breakdown | R97: No | AD97: Days | AE97: 0 | AF97: 0 | AG97: 100 | AH97: 8.69 | AI97: Kilograms | AJ97: Dry Goods | AK97: 100 | AL97: 1142 | AM97: 270 | AN97: 12.2 | AO97: 2.8 | AP97: 1.83 | AQ97: 0.72 | AR97: 0.13 | AT97: 80.2 | AV97: 1.8 | AY97: 31.3 | AZ97: 9.68 | BA97: 0.0242 | BB97: 3.0 | CM97: No | DB97: United Kingdom | DC97: United Kingdom
A98: NPD-I11610 | B98: Organic Chough Seed Mix | F98: No | G98: No | H98: Yes | J98: FM.5CH/SDORG.25 | K98: The Newt in Somerset | L98: Approved | M98: Ambient | N98: None | O98: None | Q98: Breakdown | R98: No | T98: 6 | U98: Months | AD98: Days | AE98: 0 | AF98: 0 | AG98: 100 | AH98: 0.0001 | AI98: Kilograms | AJ98: Dry Goods | AK98: 100 | AL98: 2301 | AM98: 552 | AN98: 20 | AO98: 44 | AP98: 5.2 | AT98: 23 | AV98: 1.4 | AY98: 14 | AZ98: 20.00 | BA98: 0.05 | CM98: No | DB98: United Kingdom | DC98: United Kingdom
A99: NPD-I11705 | B99: Distillerie Du Perigord Brandy | F99: No | G99: No | H99: Yes | I99: Supplier spec | J99: 2396 | K99: The Newt in Somerset | L99: Approved | M99: Ambient | N99: None | O99: None | P99: Brandy | Q99: Breakdown | R99: No | T99: 10 | U99: Years | AD99: Days | AE99: 0 | AF99: 0 | AG99: 100 | AH99: 23.35 | AI99: Kilograms | AJ99: Dry Goods | AK99: 100 | AL99: 963 | AM99: 232 | BD99: 40 | CM99: No | DB99: France | DC99: France
A100: NPD-I11719 | B100: Juice Fresh Orange Smooth 1512203 (2.27L) | D100: 14-329 | E100: Orange juice, chilled | F100: No | G100: No | H100: Yes | I100: Copied from McCance and Widdowson | K100: The Newt in Somerset | L100: Approved | M100: Chilled | N100: None | O100: None | P100: Orange Juice | Q100: Breakdown | R100: No | T100: 21 | U100: Days | AC100: 3 | AD100: Days | AE100: 0 | AF100: 0 | AG100: 100 | AH100: 7.86 | AI100: Bottle | AJ100: Dry Goods | AK100: 100 | AL100: 153 | AM100: 36 | AN100: 0.9 | AO100: Tr | AP100: Tr | AQ100: Tr | AR100: Tr | AS100: Tr | AT100: 8.6 | AU100: 0.0 | AV100: 8.6 | AY100: Tr | AZ100: 1 | BA100: 0.0025 | BB100: 87.7 | BC100: 0.14 | BD100: 0.0 | BE100: 0.0 | BH100: 158 | BI100: 8 | BJ100: 9 | BK100: 15 | BL100: 0.07 | BM100: 0.03 | BN100: Tr | BO100: 65 | BP100: 0.02 | BQ100: Tr | BR100: 0.001 | BS100: 0 | BT100: 40 | BW100: 40 | BX100: 0.0 | BZ100: 0.15 | CA100: 0.22386 | CB100: 0.28 | CC100: 0.02 | CD100: 0.4 | CE100: Tr | CG100: 0.06 | CH100: 0.0 | CI100: 22 | CJ100: 0.15 | CK100: 0.7 | CM100: No | DB100: United Kingdom | DC100: United Kingdom
...

Sheet Allergens
A1: Code | B1: Description | C1: Allergen | D1: Parts Per Million | E1: Contains | F1: May Contain
A2: NPD-I10754 | B2: =IFERROR(VLOOKUP(A2,Ingredients!A:B,2,0), "") | C2: Milk | D2: 0 | E2: Yes | F2: No
A3: NPD-I10758 | B3: =IFERROR(VLOOKUP(A3,Ingredients!A:B,2,0), "") | C3: Cereals containing gluten | D3: 0 | E3: Yes | F3: No
A4: NPD-I10758 | B4: =IFERROR(VLOOKUP(A4,Ingredients!A:B,2,0), "") | C4: Soya | D4: 0 | E4: No | F4: Yes
A5: NPD-I10759 | B5: =IFERROR(VLOOKUP(A5,Ingredients!A:B,2,0), "") | C5: Cereals containing gluten | D5: 0 | E5: Yes | F5: No
A6: NPD-I10759 | B6: =IFERROR(VLOOKUP(A6,Ingredients!A:B,2,0), "") | C6: Soya | D6: 0 | E6: No | F6: Yes
A7: NPD-I10762 | B7: =IFERROR(VLOOKUP(A7,Ingredients!A:B,2,0), "") | C7: Treenuts | D7: 0 | E7: Yes | F7: No
A8: NPD-I10763 | B8: =IFERROR(VLOOKUP(A8,Ingredients!A:B,2,0), "") | C8: Sulphites | D8: 0 | E8: No | F8: Yes
A9: NPD-I10763 | B9: =IFERROR(VLOOKUP(A9,Ingredients!A:B,2,0), "") | C9: Cereals containing gluten | D9: 0 | E9: No | F9: Yes
A10: NPD-I10763 | B10: =IFERROR(VLOOKUP(A10,Ingredients!A:B,2,0), "") | C10: Treenuts | D10: 0 | E10: Yes | F10: No
A11: NPD-I10763 | B11: =IFERROR(VLOOKUP(A11,Ingredients!A:B,2,0), "") | C11: Peanuts | D11: 0 | E11: No | F11: Yes
A12: NPD-I10763 | B12: =IFERROR(VLOOKUP(A12,Ingredients!A:B,2,0), "") | C12: Sesame | D12: 0 | E12: No | F12: Yes
A13: NPD-I10764 | B13: =IFERROR(VLOOKUP(A13,Ingredients!A:B,2,0), "") | C13: Cereals containing gluten | D13: 0 | E13: No | F13: Yes
... A127: NPD-I11610 | B127: =IFERROR(VLOOKUP(A127,Ingredients!A:B,2,0), "") | C127: Cereals containing gluten | D127: 0 | E127: No | F127: Yes

Sheet Composites
A1: Code | B1: Description | C1: Unique Key | D1: Composite Level 1 | E1: Composite Level 2 | F1: Composite Level 3 | G1: Composite Level 4 | H1: Additive | I1: Function | J1: Range Min | K1: Quantity | L1: Range Max | M1: Quantity Type | N1: Default Label Name | O1: Default Label Mode | P1: Use Raw Meat Equivalent | Q1: Comments | R1: Countries of Manufacture | S1: Countries of Origin | T1: Allergen | U1: Allergen
A2: NPD-I10758 | B2: =IFERROR(VLOOKUP(A2,Ingredients!A:B,2,0), "") | C2: 472f4472-fd1d-492a-b6bc-190f6caae807 | D2: Wheat Flour | H2: None | I2: None | J2: 0 | K2: 99 | L2: 0 | M2: Percent | O2: Breakdown | P2: No | T2: Cereals containing gluten
A3: NPD-I10758 | B3: =IFERROR(VLOOKUP(A3,Ingredients!A:B,2,0), "") | C3: 56481745-f191-40db-8724-23ab4794ed4e | D3: Calcium Carbonate | H3: None | I3: None | J3: 0 | K3: 0.5 | L3: 0 | M3: Percent | O3: Breakdown | P3: No
A4: NPD-I10758 | B4: =IFERROR(VLOOKUP(A4,Ingredients!A:B,2,0), "") | C4: f5956a1a-de9b-40f9-9c1c-6b03a5650616 | D4: Iron | H4: None | I4: None | J4: 0 | K4: 0.3 | L4: 0 | M4: Percent | O4: Breakdown | P4: No
A5: NPD-I10758 | B5: =IFERROR(VLOOKUP(A5,Ingredients!A:B,2,0), "") | C5: 3d2aca36-65a5-4c8e-a988-2ce1e1c8a2fa | D5: Niacin | H5: None | I5: None | J5: 0 | K5: 0.4 | L5: 0 | M5: Percent | O5: Breakdown | P5: No
A6: NPD-I10758 | B6: =IFERROR(VLOOKUP(A6,Ingredients!A:B,2,0), "") | C6: 980ba4bd-c064-4251-9d95-72b0ee573bc0 | D6: Thiamin | H6: None | I6: None | J6: 0 | K6: 0.01 | L6: 0 | M6: Percent | O6: Breakdown | P6: No
A7: NPD-I10758 | B7: =IFERROR(VLOOKUP(A7,Ingredients!A:B,2,0), "") | C7: 186f3383-d995-4def-83b1-7cd176fab5e4 | D7: Folic Acid | H7: None | I7: None | J7: 0 | K7: 0.2 | L7: 0 | M7: Percent | O7: Breakdown | P7: No
A8: NPD-I10759 | B8: =IFERROR(VLOOKUP(A8,Ingredients!A:B,2,0), "") | C8: 931ca2c3-70c7-44f1-9bd0-a73604a6497e | D8: Wheat Flour | H8: None | I8: None | J8: 0 | K8: 99 | L8: 0 | M8: Percent | O8: Breakdown | P8: No | T8: Cereals containing gluten
A9: NPD-I10759 | B9: =IFERROR(VLOOKUP(A9,Ingredients!A:B,2,0), "") | C9: 6325c926-ea99-4dc9-badc-c4b8ba1f50c9 | D9: Calcium Carbonate | H9: None | I9: None | J9: 0 | K9: 0.5 | L9: 0 | M9: Percent | O9: Breakdown | P9: No
A10: NPD-I10759 | B10: =IFERROR(VLOOKUP(A10,Ingredients!A:B,2,0), "") | C10: 684edd65-f4c6-4cf3-9a7f-c947b303521e | D10: Iron | H10: None | I10: None | J10: 0 | K10: 0.4 | L10: 0 | M10: Percent | O10: Breakdown | P10: No
A11: NPD-I10759 | B11: =IFERROR(VLOOKUP(A11,Ingredients!A:B,2,0), "") | C11: 02b0ad49-f06a-4b5e-904b-1448752c15c3 | D11: Niacin | H11: None | I11: None | J11: 0 | K11: 0.3 | L11: 0 | M11: Percent | O11: Breakdown | P11: No
A12: NPD-I10759 | B12: =IFERROR(VLOOKUP(A12,Ingredients!A:B,2,0), "") | C12: 4e13d91a-d59a-4bb8-8d67-c9429188126f | D12: Thiamin | H12: None | I12: None | J12: 0 | K12: 0.1 | L12: 0 | M12: Percent | O12: Breakdown | P12: No
A13: NPD-I10759 | B13: =IFERROR(VLOOKUP(A13,Ingredients!A:B,2,0), "") | C13: 2572da5b-5490-4ec7-a853-f44f319b60f2 | D13: Folic Acid | H13: None | I13: None | J13: 0 | K13: 0.2 | L13: 0 | M13: Percent | O13: Breakdown | P13: No
A14: NPD-I10778 | B14: =IFERROR(VLOOKUP(A14,Ingredients!A:B,2,0), "") | C14: 9f5555e6-86fb-44bd-8b34-58231adc5b28 | D14: Sodium Dihydrogen Diphosphate | H14: E450 | I14: Raising Agent | J14: 0 | K14: 40 | L14: 0 | M14: Percent | N14: Diphosphates | O14: Breakdown | P14: No
A15: NPD-I10778 | B15: =IFERROR(VLOOKUP(A15,Ingredients!A:B,2,0), "") | C15: 7beb0826-f050-4122-9e41-b5b5ae76b887 | D15: Sodium Bicarbonate | H15: E500 | I15: Raising Agent | J15: 0 | K15: 31 | L15: 0 | M15: Percent | O15: Breakdown | P15: No
A16: NPD-I10778 | B16: =IFERROR(VLOOKUP(A16,Ingredients!A:B,2,0), "") | C16: 58670c60-2b76-4930-a433-db655aa4acad | D16: Rice Flour | H16: None | I16: None | J16: 0 | K16: 29 | L16: 0 | M16: Percent | O16: Breakdown | P16: No
A17: NPD-I10784 | B17: =IFERROR(VLOOKUP(A17,Ingredients!A:B,2,0), "") | C17: 529f2df3-f1af-41c3-b568-c3583f3b97ce | D17: Sugar | H17: None | I17: None | J17: 0 | K17: 55 | L17: 0 | M17: Percent | O17: Breakdown | P17: No
A18: NPD-I10784 | B18: =IFERROR(VLOOKUP(A18,Ingredients!A:B,2,0), "") | C18: f0aac69c-e0e5-478d-bd65-7de5c9c88a1e | D18: Water | H18: None | I18: None | J18: 0 | K18: 39.99 | L18: 0 | M18: Percent | O18: Breakdown | P18: No
A19: NPD-I10784 | B19: =IFERROR(VLOOKUP(A19,Ingredients!A:B,2,0), "") | C19: 326671f7-9d72-4460-8108-789d1c82ca64 | D19: Vanilla Extract | H19: None | I19: None | J19: 0 | K19: 3 | L19: 0 | M19: Percent | O19: Breakdown | P19: No
A20: NPD-I10784 | B20: =IFERROR(VLOOKUP(A20,Ingredients!A:B,2,0), "") | C20: 685a44c1-76b8-4f52-a9bc-90e8292a0cb7 | D20: Vanilla Bean Seeds | H20: None | I20: None | J20: 0 | K20: 2 | L20: 0 | M20: Percent | O20: Breakdown | P20: No
A21: NPD-I10784 | B21: =IFERROR(VLOOKUP(A21,Ingredients!A:B,2,0), "") | C21: a0f04872-5b41-4da4-8938-130b2db4a2fa | D21: Gum Tragacanth | H21: None | I21: Thickener | J21: 0 | K21: 0.01 | L21: 0 | M21: Percent | O21: Breakdown | P21: No
A22: NPD-I10785 | B22: =IFERROR(VLOOKUP(A22,Ingredients!A:B,2,0), "") | C22: a92601da-a3a5-4ad3-a569-d86a4a377d90 | D22: Wheat Flour | H22: None | I22: None | J22: 0 | K22: 91 | L22: 0 | M22: Percent | O22: Breakdown | P22: No | T22: Cereals containing gluten
A23: NPD-I10785 | B23: =IFERROR(VLOOKUP(A23,Ingredients!A:B,2,0), "") | C23: 1020cc80-c789-4bee-8a0b-8a3dde8907a5 | D23: Calcium Carbonate | H23: None | I23: None | J23: 0 | K23: 2 | L23: 0 | M23: Percent | O23: Breakdown | P23: No
A24: NPD-I10785 | B24: =IFERROR(VLOOKUP(A24,Ingredients!A:B,2,0), "") | C24: c257cd5d-1ac5-4e48-8f98-4ea50bf719ae | D24: Iron | H24: None | I24: None | J24: 0 | K24: 2 | L24: 0 | M24: Percent | O24: Breakdown | P24: No
A25: NPD-I10785 | B25: =IFERROR(VLOOKUP(A25,Ingredients!A:B,2,0), "") | C25: 6baab362-d973-4586-ad5a-c9d9a5b1d5ca | D25: Niacin | H25: None | I25: None | J25: 0 | K25: 2 | L25: 0 | M25: Percent | O25: Breakdown | P25: No
A26: NPD-I10785 | B26: =IFERROR(VLOOKUP(A26,Ingredients!A:B,2,0), "") | C26: 021b1b88-881f-48d7-85a6-7026ec4965f4 | D26: Thiamin | H26: None | I26: None | J26: 0 | K26: 2 | L26: 0 | M26: Percent | O26: Breakdown | P26: No
A27: NPD-I10785 | B27: =IFERROR(VLOOKUP(A27,Ingredients!A:B,2,0), "") | C27: eba703bf-fbaa-459d-b1d5-ad3ae43c5d48 | D27: Mono-Calcium Phosphate | H27: E341 | I27: Raising Agent | J27: 0 | K27: 0.5 | L27: 0 | M27: Percent | O27: Breakdown | P27: No
A28: NPD-I10785 | B28: =IFERROR(VLOOKUP(A28,Ingredients!A:B,2,0), "") | C28: 4c4b0aee-649a-491c-a919-5f50d2210a9d | D28: Sodium Bicarbonate | H28: E500 | I28: Raising Agent | J28: 0 | K28: 0.5 | L28: 0 | M28: Percent | O28: Breakdown | P28: No
A29: NPD-I10790 | B29: =IFERROR(VLOOKUP(A29,Ingredients!A:B,2,0), "") | C29: 65240558-37f0-4205-b4f0-c4b94c4f2f2b | D29: Sugar | H29: None | I29: None | J29: 0 | K29: 54.5 | L29: 0 | M29: Percent | O29: Breakdown | P29: No
A30: NPD-I10790 | B30: =IFERROR(VLOOKUP(A30,Ingredients!A:B,2,0), "") | C30: 39531b64-2690-409b-a536-4036ede948ae | D30: Cocoa Mass | H30: None | I30: None | J30: 0 | K30: 42.5 | L30: 0 | M30: Percent | O30: Breakdown | P30: No
A31: NPD-I10790 | B31: =IFERROR(VLOOKUP(A31,Ingredients!A:B,2,0), "") | C31: 89c74291-3873-4304-8229-bbf76afaa780 | D31: Cocoa Butter | H31: None | I31: None | J31: 0 | K31: 2.5 | L31: 0 | M31: Percent | O31: Breakdown | P31: No
A32: NPD-I10790 | B32: =IFERROR(VLOOKUP(A32,Ingredients!A:B,2,0), "") | C32: 9bab3fac-80bc-431f-ad6a-5c8762fb3d7e | D32: Natural Vanilla Flavouring | H32: None | I32: None | J32: 0 | K32: 0.25 | L32: 0 | M32: Percent | O32: Breakdown | P32: No
A33: NPD-I10790 | B33: =IFERROR(VLOOKUP(A33,Ingredients!A:B,2,0), "") | C33: 0519e03b-6036-489a-b453-08900e50caf4 | D33: Soya Lecithin | H33: E322 | I33: Emulsifier | J33: 0 | K33: 0.25 | L33: 0 | M33: Percent | N33: Lecithins | O33: Breakdown | P33: No | T33: Soya
A34: NPD-I10817 | B34: =IFERROR(VLOOKUP(A34,Ingredients!A:B,2,0), "") | C34: 27849448-22a9-4dca-96f8-ced38894691c | D34: Coriander | H34: None | I34: None | J34: 0 | K34: 6 | L34: 0 | M34: Percent | O34: Breakdown | P34: No
A35: NPD-I10817 | B35: =IFERROR(VLOOKUP(A35,Ingredients!A:B,2,0), "") | C35: aa24acc5-293e-4073-a0d8-85a0efaa822d | D35: Cassia | H35: None | I35: None | J35: 0 | K35: 5 | L35: 0 | M35: Percent | O35: Breakdown | P35: No
A36: NPD-I10817 | B36: =IFERROR(VLOOKUP(A36,Ingredients!A:B,2,0), "") | C36: b6daf347-9351-470f-98c9-3c4794761d1f | D36: Ginger | H36: None | I36: None | J36: 0 | K36: 4 | L36: 0 | M36: Percent | O36: Breakdown | P36: No
A37: NPD-I10817 | B37: =IFERROR(VLOOKUP(A37,Ingredients!A:B,2,0), "") | C37: 60acfc0c-405a-4128-b84f-b20744db3d66 | D37: Fennel | H37: None | I37: None | J37: 0 | K37: 3 | L37: 0 | M37: Percent | O37: Breakdown | P37: No
A38: NPD-I10817 | B38: =IFERROR(VLOOKUP(A38,Ingredients!A:B,2,0), "") | C38: 72c6d65a-450c-4a20-bf0c-6b5f2fa0b8c3 | D38: Nutmeg | H38: None | I38: None | J38: 0 | K38: 2 | L38: 0 | M38: Percent | O38: Breakdown | P38: No
A39: NPD-I10817 | B39: =IFERROR(VLOOKUP(A39,Ingredients!A:B,2,0), "") | C39: 1d520a69-fa65-46f6-b80d-8ba091769c70 | D39: Cloves | H39: None | I39: None | J39: 0 | K39: 1 | L39: 0 | M39: Percent | O39: Breakdown | P39: No
A40: NPD-I10818 | B40: =IFERROR(VLOOKUP(A40,Ingredients!A:B,2,0), "") | C40: 11d4562c-113a-47f1-b8a6-d7fa51b42aff | D40: Sultanas | H40: None | I40: None | J40: 0 | K40: 97 | L40: 0 | M40: Percent | O40: Breakdown | P40: No
A41: NPD-I10818 | B41: =IFERROR(VLOOKUP(A41,Ingredients!A:B,2,0), "") | C41: 8da41b14-0d5f-45e3-aa63-a016eb19f6e4 | D41: Sunflower Oil | H41: None | I41: None | J41: 0 | K41: 2 | L41: 0 | M41: Percent | O41: Breakdown | P41: No
A42: NPD-I10818 | B42: =IFERROR(VLOOKUP(A42,Ingredients!A:B,2,0), "") | C42: 56cf84f4-469a-46d6-acf1-5cdd014ea3ce | D42: Sulphur Dioxide | H42: E220 | I42: Preservative | J42: 0 | K42: 1 | L42: 0 | M42: Percent | O42: Breakdown | P42: No | T42: Sulphites
A43: NPD-I10854 | B43: =IFERROR(VLOOKUP(A43,Ingredients!A:B,2,0), "") | C43: 626d13c2-4293-43ed-8c6c-c54df6accac2 | D43: Dextrose | H43: None | I43: None | J43: 0 | K43: 80 | L43: 0 | M43: Percent | O43: Breakdown | P43: No
A44: NPD-I10854 | B44: =IFERROR(VLOOKUP(A44,Ingredients!A:B,2,0), "") | C44: 3ddb0b82-d6d5-4937-b4de-57385093a8ef | D44: High Methoxyl Pectin | H44: E440 | I44: Gelling Agent | J44: 0 | K44: 11 | L44: 0 | M44: Percent | N44: Pectins | O44: Breakdown | P44: No
A45: NPD-I10854 | B45: =IFERROR(VLOOKUP(A45,Ingredients!A:B,2,0), "") | C45: 8ac5c954-a0ed-4f38-87ee-707b0d5e4e3a | D45: Sodium Polyphosphate E452i | H45: E452 | I45: Gelling Agent | J45: 0 | K45: 5 | L45: 0 | M45: Percent | N45: Polyphosphates | O45: Breakdown | P45: No
A46: NPD-I10854 | B46: =IFERROR(VLOOKUP(A46,Ingredients!A:B,2,0), "") | C46: f2b8f8a9-9660-4052-bbfb-4f624eee8817 | D46: Sodium & Potassium Tartrate | H46: E337 | I46: Gelling Agent | J46: 0 | K46: 4 | L46: 0 | M46: Percent | N46: Sodium Potassium Tartrate | O46: Breakdown | P46: No
A47: NPD-I10862 | B47: =IFERROR(VLOOKUP(A47,Ingredients!A:B,2,0), "") | C47: e146c947-8eb9-41e1-9727-8d1a6f224788 | D47: Currants | H47: None | I47: None | J47: 0 | K47: 99 | L47: 0 | M47: Percent | O47: Merge | P47: No
A48: NPD-I10862 | B48: =IFERROR(VLOOKUP(A48,Ingredients!A:B,2,0), "") | C48: 9ebfb22d-37ab-47a2-a5b5-7703321069a1 | D48: Sunflower Oil | H48: None | I48: None | J48: 0 | K48: 1 | L48: 0 | M48: Percent | O48: Breakdown | P48: No
A49: NPD-I10887 | B49: =IFERROR(VLOOKUP(A49,Ingredients!A:B,2,0), "") | C49: bde96243-ce89-4257-ac43-dd543bf5de6b | D49: Invert Sugar Syrup | H49: None | I49: None | J49: 0 | K49: 2 | L49: 0 | M49: Percent | O49: Breakdown | P49: No
A50: NPD-I10887 | B50: =IFERROR(VLOOKUP(A50,Ingredients!A:B,2,0), "") | C50: e9662f4c-500a-411a-9796-d8e62189c5b4 | D50: Cane Molasses | H50: None | I50: None | J50: 0 | K50: 1 | L50: 0 | M50: Percent | O50: Breakdown | P50: No
A51: NPD-I10891 | B51: =IFERROR(VLOOKUP(A51,Ingredients!A:B,2,0), "") | C51: d93dd5e5-0314-4a37-855d-05f9a4d52e4b | D51: Sugar | H51: None | I51: None | J51: 0 | K51: 54 | L51: 0 | M51: Percent | O51: Breakdown | P51: No
A52: NPD-I10891 | B52: =IFERROR(VLOOKUP(A52,Ingredients!A:B,2,0), "") | C52: 6ac9ff98-513c-4efb-a43b-70c5f5e8eb73 | D52: Cocoa Mass | H52: None | I52: None | J52: 0 | K52: 42 | L52: 0 | M52: Percent | O52: Breakdown | P52: No
A53: NPD-I10891 | B53: =IFERROR(VLOOKUP(A53,Ingredients!A:B,2,0), "") | C53: 4e786f9c-2479-4af0-9433-ab9c50e24fbd | D53: Cocoa Butter | H53: None | I53: None | J53: 0 | K53: 3 | L53: 0 | M53: Percent | O53: Breakdown | P53: No
A54: NPD-I10891 | B54: =IFERROR(VLOOKUP(A54,Ingredients!A:B,2,0), "") | C54: b5a81476-fbf8-4f16-8685-59ffc82967c5 | D54: Soya Lecithin | H54: None | I54: Emulsifier | J54: 0 | K54: 0.5 | L54: 0 | M54: Percent | O54: Breakdown | P54: No | T54: Soya
A55: NPD-I10891 | B55: =IFERROR(VLOOKUP(A55,Ingredients!A:B,2,0), "") | C55: c3aa74d9-91cd-42f0-88bd-292888ab02e2 | D55: Vanillin | H55: None | I55: None | J55: 0 | K55: 0.5 | L55: 0 | M55: Percent | O55: Breakdown | P55: No
A56: NPD-I10904 | B56: =IFERROR(VLOOKUP(A56,Ingredients!A:B,2,0), "") | C56: 44b588a2-ed23-474a-9c3c-b60e05500c47 | D56: Cocoa Mass | H56: None | I56: None | J56: 0 | K56: 62.5 | L56: 0 | M56: Percent | O56: Breakdown | P56: No
A57: NPD-I10904 | B57: =IFERROR(VLOOKUP(A57,Ingredients!A:B,2,0), "") | C57: 58fe222e-eab7-4658-9d2c-67927db306a2 | D57: Sugar | H57: None | I57: None | J57: 0 | K57: 27 | L57: 0 | M57: Percent | O57: Breakdown | P57: No
A58: NPD-I10904 | B58: =IFERROR(VLOOKUP(A58,Ingredients!A:B,2,0), "") | C58: 137358aa-be1f-46b1-8d35-cfe4a03ee27c | D58: Cocoa Butter | H58: None | I58: None | J58: 0 | K58: 10 | L58: 0 | M58: Percent | O58: Breakdown | P58: No
A59: NPD-I10904 | B59: =IFERROR(VLOOKUP(A59,Ingredients!A:B,2,0), "") | C59: b93ef426-76c2-4c89-8345-2bdd1ebcac79 | D59: Natural Vanilla Flavouring | H59: None | I59: None | J59: 0 | K59: 0.25 | L59: 0 | M59: Percent | O59: Breakdown | P59: No
A60: NPD-I10904 | B60: =IFERROR(VLOOKUP(A60,Ingredients!A:B,2,0), "") | C60: 19e773c3-f88d-4434-ad98-be008959479d | D60: Soya Lecithin | H60: None | I60: Emulsifier | J60: 0 | K60: 0.25 | L60: 0 | M60: Percent | O60: Breakdown | P60: No | T60: Soya
A61: NPD-I10905 | B61: =IFERROR(VLOOKUP(A61,Ingredients!A:B,2,0), "") | C61: 06d235cc-afcb-4098-8ebd-802f39039c24 | D61: Sugar | H61: None | I61: None | J61: 0 | K61: 46.5 | L61: 0 | M61: Percent | O61: Breakdown | P61: No
A62: NPD-I10905 | B62: =IFERROR(VLOOKUP(A62,Ingredients!A:B,2,0), "") | C62: 53983093-46df-4269-929d-d92e5b81e1a3 | D62: Cocoa Butter | H62: None | I62: None | J62: 0 | K62: 29.5 | L62: 0 | M62: Percent | O62: Breakdown | P62: No
A63: NPD-I10905 | B63: =IFERROR(VLOOKUP(A63,Ingredients!A:B,2,0), "") | C63: 387068a1-385c-4d5a-bf11-6eae33025268 | D63: Whole Milk Powder | H63: None | I63: None | J63: 0 | K63: 23.5 | L63: 0 | M63: Percent | O63: Breakdown | P63: No | T63: Milk
A64: NPD-I10905 | B64: =IFERROR(VLOOKUP(A64,Ingredients!A:B,2,0), "") | C64: 0b6f734e-7d6c-422e-87ab-195ef0b24db0 | D64: Natural Vanilla Flavouring | H64: None | I64: None | J64: 0 | K64: 0.25 | L64: 0 | M64: Percent | O64: Breakdown | P64: No
A65: NPD-I10905 | B65: =IFERROR(VLOOKUP(A65,Ingredients!A:B,2,0), "") | C65: cb8ad06e-c1e9-4032-ab1a-2413f2e9aa1c | D65: Soya Lecithin | H65: None | I65: Emulsifier | J65: 0 | K65: 0.25 | L65: 0 | M65: Percent | O65: Breakdown | P65: No | T65: Soya
A66: NPD-I10930 | B66: =IFERROR(VLOOKUP(A66,Ingredients!A:B,2,0), "") | C66: 7f8f5ed6-83ff-483c-a018-f10d2f36851f | D66: Spring Water | H66: None | I66: None | J66: 0 | K66: 10 | L66: 0 | M66: Percent | O66: Breakdown | P66: No
A67: NPD-I10930 | B67: =IFERROR(VLOOKUP(A67,Ingredients!A:B,2,0), "") | C67: c98c462d-f512-46c2-bccc-2b33918f8acb | D67: Fresh Elderflowers | H67: None | I67: None | J67: 0 | K67: 8 | L67: 0 | M67: Percent | O67: Breakdown | P67: No
A68: NPD-I10930 | B68: =IFERROR(VLOOKUP(A68,Ingredients!A:B,2,0), "") | C68: a07b82da-f5e1-4f24-b83d-d426d1a421fd | D68: Sugar | H68: None | I68: None | J68: 0 | K68: 3.9 | L68: 0 | M68: Percent | O68: Breakdown | P68: No
A69: NPD-I10930 | B69: =IFERROR(VLOOKUP(A69,Ingredients!A:B,2,0), "") | C69: d7f61646-065a-43c8-bd49-a344202e275d | D69: Lemon Juice | H69: None | I69: None | J69: 0 | K69: 2 | L69: 0 | M69: Percent | O69: Breakdown | P69: No
A70: NPD-I10930 | B70: =IFERROR(VLOOKUP(A70,Ingredients!A:B,2,0), "") | C70: 18e77708-dbf9-4436-a229-634d6c6306b7 | D70: citric acid | H70: E330 | I70: Preservative | J70: 0 | K70: 1 | L70: 0 | M70: Percent | N70: Citric Acid | O70: Breakdown | P70: No
A71: NPD-I10944 | B71: =IFERROR(VLOOKUP(A71,Ingredients!A:B,2,0), "") | C71: 7d88caed-86d0-46c7-a191-32af5eb7f011 | D71: Raisins | H71: None | I71: None | J71: 0 | K71: 99 | L71: 0 | M71: Percent | O71: Breakdown | P71: No
A72: NPD-I10944 | B72: =IFERROR(VLOOKUP(A72,Ingredients!A:B,2,0), "") | C72: 3c89f0ba-bcc1-4b6a-ad23-8019dda1a7dc | D72: Sunflower Oil | H72: None | I72: None | J72: 0 | K72: 1 | L72: 0 | M72: Percent | O72: Breakdown | P72: No
A73: NPD-I10948 | B73: =IFERROR(VLOOKUP(A73,Ingredients!A:B,2,0), "") | C73: eaef46ea-2599-4693-ab90-13fbbffd3d9f | D73: Sugar | H73: None | I73: None | J73: 0 | K73: 49 | L73: 0 | M73: Percent | O73: Breakdown | P73: No
A74: NPD-I10948 | B74: =IFERROR(VLOOKUP(A74,Ingredients!A:B,2,0), "") | C74: f35b4b21-33bf-4921-8575-d1cd5d9ca10a | D74: Raspberries | H74: None | I74: None | J74: 0 | K74: 48 | L74: 0 | M74: Percent | O74: Breakdown | P74: No
A75: NPD-I10948 | B75: =IFERROR(VLOOKUP(A75,Ingredients!A:B,2,0), "") | C75: f672c708-aa32-48d8-a08c-d5de30e3b2c1 | D75: Pectin | H75: None | I75: Gelling Agent | J75: 0 | K75: 2 | L75: 0 | M75: Percent | O75: Breakdown | P75: No
A76: NPD-I10948 | B76: =IFERROR(VLOOKUP(A76,Ingredients!A:B,2,0), "") | C76: 4752f797-cad4-41fa-9163-10355b00cf02 | D76: Citric Acid | H76: E330 | I76: Acidity Regulator | J76: 0 | K76: 1 | L76: 0 | M76: Percent | O76: Breakdown | P76: No
A77: NPD-I10952 | B77: =IFERROR(VLOOKUP(A77,Ingredients!A:B,2,0), "") | C77: 4e05cd6b-c179-4b03-9c25-3bdae7481c96 | D77: Sugar | H77: None | I77: None | J77: 0 | K77: 49 | L77: 0 | M77: Percent | O77: Breakdown | P77: No
A78: NPD-I10952 | B78: =IFERROR(VLOOKUP(A78,Ingredients!A:B,2,0), "") | C78: 4c790465-5bbb-4171-bf39-25c0526d0aa4 | D78: Apricots | H78: None | I78: None | J78: 0 | K78: 38 | L78: 0 | M78: Percent | O78: Breakdown | P78: No
A79: NPD-I10952 | B79: =IFERROR(VLOOKUP(A79,Ingredients!A:B,2,0), "") | C79: 1e68fc47-5b2a-49cc-abac-bf7fb533b575 | D79: Concentrated Lemon Juice | H79: None | I79: None | J79: 0 | K79: 8 | L79: 0 | M79: Percent | O79: Breakdown | P79: No
A80: NPD-I10952 | B80: =IFERROR(VLOOKUP(A80,Ingredients!A:B,2,0), "") | C80: 89d48ca7-fe6e-4b93-81cf-5173bd4b3daa | D80: Pectin | H80: None | I80: Gelling Agent | J80: 0 | K80: 4 | L80: 0 | M80: Percent | N80: Citrus Pectin | O80: Breakdown | P80: No
A81: NPD-I10952 | B81: =IFERROR(VLOOKUP(A81,Ingredients!A:B,2,0), "") | C81: 9ec798e7-fd70-460c-8bb1-940fd3bc91fe | D81: Citric Acid | H81: E330 | I81: Acidity Regulator | J81: 0 | K81: 1 | L81: 0 | M81: Percent | O81: Breakdown | P81: No
A82: NPD-I10973 | B82: =IFERROR(VLOOKUP(A82,Ingredients!A:B,2,0), "") | C82: 96ad87bb-8fb8-47e0-aca7-9a9430bbff1c | D82: Cranberries | H82: None | I82: None | J82: 0 | K82: 60 | L82: 0 | M82: Percent | O82: Breakdown | P82: No
A83: NPD-I10973 | B83: =IFERROR(VLOOKUP(A83,Ingredients!A:B,2,0), "") | C83: 5c407538-763d-4c80-837b-dcc653b1517c | D83: Sugar | H83: None | I83: None | J83: 0 | K83: 30 | L83: 0 | M83: Percent | O83: Breakdown | P83: No
A84: NPD-I10973 | B84: =IFERROR(VLOOKUP(A84,Ingredients!A:B,2,0), "") | C84: c04871fa-efe9-422f-8270-8846879a2a13 | D84: Sunflower Oil | H84: None | I84: None | J84: 0 | K84: 10 | L84: 0 | M84: Percent | O84: Breakdown | P84: No
A85: NPD-I10977 | B85: =IFERROR(VLOOKUP(A85,Ingredients!A:B,2,0), "") | C85: 7ee66d40-0cb6-4d2a-83d2-e21ecff9e2d8 | D85: Sultanas | H85: None | I85: None | J85: 0 | K85: 99 | L85: 0 | M85: Percent | O85: Breakdown | P85: No
A86: NPD-I10977 | B86: =IFERROR(VLOOKUP(A86,Ingredients!A:B,2,0), "") | C86: 7b5e75c5-ef97-4c3c-9907-fb3ec2c7508a | D86: Sunflower Oil | H86: None | I86: None | J86: 0 | K86: 1 | L86: 0 | M86: Percent | O86: Breakdown | P86: No
A87: NPD-I10980 | B87: =IFERROR(VLOOKUP(A87,Ingredients!A:B,2,0), "") | C87: beb5ea7a-78f2-4d3e-82ff-ceaa64db54af | D87: Sugar | H87: None | I87: None | J87: 0 | K87: 51 | L87: 0 | M87: Percent | O87: Breakdown | P87: No
A88: NPD-I10980 | B88: =IFERROR(VLOOKUP(A88,Ingredients!A:B,2,0), "") | C88: 5fb50254-a4ae-4d13-a34f-b257e2261d9e | D88: Seville Oranges | H88: None | I88: None | J88: 0 | K88: 49 | L88: 0 | M88: Percent | O88: Breakdown | P88: No
A89: NPD-I10982 | B89: =IFERROR(VLOOKUP(A89,Ingredients!A:B,2,0), "") | C89: 7c70fea9-9ed6-41ba-9fc0-316fb553b553 | D89: Almonds | H89: None | I89: None | J89: 0 | K89: 26 | L89: 0 | M89: Percent | O89: Breakdown | P89: No | T89: Treenuts
A90: NPD-I10982 | B90: =IFERROR(VLOOKUP(A90,Ingredients!A:B,2,0), "") | C90: 7b7bf3fc-f69e-4ea4-b221-2f2d0a46be9b | D90: Sugar | H90: None | I90: None | J90: 0 | K90: 7 | L90: 0 | M90: Percent | O90: Breakdown | P90: No
A91: NPD-I10982 | B91: =IFERROR(VLOOKUP(A91,Ingredients!A:B,2,0), "") | C91: a7580c86-f928-419d-905e-f459fcda70ae | D91: Water | H91: None | I91: None | J91: 0 | K91: 5 | L91: 0 | M91: Percent | O91: Breakdown | P91: No
A92: NPD-I10982 | B92: =IFERROR(VLOOKUP(A92,Ingredients!A:B,2,0), "") | C92: 56af88c2-dfab-467c-8be4-c2c9b2f563c3 | D92: Invert Sugar Syrup | H92: None | I92: None | J92: 0 | K92: 4 | L92: 0 | M92: Percent | O92: Breakdown | P92: No
A93: NPD-I10982 | B93: =IFERROR(VLOOKUP(A93,Ingredients!A:B,2,0), "") | C93: 1e2087ac-4a4a-4e0d-94de-b099e580ea0f | D93: Glucose Syrup | H93: None | I93: None | J93: 0 | K93: 3 | L93: 0 | M93: Percent | O93: Breakdown | P93: No
A94: NPD-I10982 | B94: =IFERROR(VLOOKUP(A94,Ingredients!A:B,2,0), "") | C94: 24244c5d-1156-4e17-97d4-88ce9eabb19d | D94: Sorbitol Syrup | H94: E420 | I94: Humectant | J94: 0 | K94: 2 | L94: 0 | M94: Percent | O94: Breakdown | P94: No
A95: NPD-I10982 | B95: =IFERROR(VLOOKUP(A95,Ingredients!A:B,2,0), "") | C95: 8f4bdcf4-0ee3-4485-b3e2-cfec2d26107e | D95: Ethanol | H95: None | I95: None | J95: 0 | K95: 1 | L95: 0 | M95: Percent | O95: Breakdown | P95: No
A96: NPD-I10984 | B96: =IFERROR(VLOOKUP(A96,Ingredients!A:B,2,0), "") | C96: 722977d2-ef1c-4e2b-8fd0-88ddb203c395 | D96: Fermented Apple juice | H96: None | I96: None | J96: 0 | K96: 50.04 | L96: 0 | M96: Percent | O96: Breakdown | P96: No
A97: NPD-I10984 | B97: =IFERROR(VLOOKUP(A97,Ingredients!A:B,2,0), "") | C97: 0b9d0e0d-51e6-41dd-8fbd-d0b677281e74 | D97: Water | H97: None | I97: None | J97: 0 | K97: 45.04 | L97: 0 | M97: Percent | O97: Breakdown | P97: No
A98: NPD-I10984 | B98: =IFERROR(VLOOKUP(A98,Ingredients!A:B,2,0), "") | C98: 8d0ed887-5c20-4d2a-979f-90c57c68473d | D98: Invert Sugar | H98: None | I98: None | J98: 0 | K98: 4.4 | L98: 0 | M98: Percent | O98: Breakdown | P98: No
A99: NPD-I10984 | B99: =IFERROR(VLOOKUP(A99,Ingredients!A:B,2,0), "") | C99: ce80ec7e-613e-40cb-a80f-ef3f511ecb52 | D99: Malic Acid | H99: E296 | I99: Acid | J99: 0 | K99: 0.5 | L99: 0 | M99: Percent | O99: Breakdown | P99: No
A100: NPD-I10984 | B100: =IFERROR(VLOOKUP(A100,Ingredients!A:B,2,0), "") | C100: 6112288d-f65d-4154-afc5-bc67c8252be3 | D100: Sodium Metabisulphite | H100: E223 | I100: Preservative | J100: 0 | K100: 0.02 | L100: 0 | M100: Percent | O100: Breakdown | P100: No | T100: Sulphites
...

Sheet Units Of Measure
A1: Code | B1: Description | C1: UOM | D1: Quantity | E1: RUOM | F1: Ref Quantity | G1: Is Default
A2: NPD-I10748 | B2: =IFERROR(VLOOKUP(A2,Ingredients!A:B,2,0), "") | C2: Tub | D2: 1 | E2: Kilograms | F2: 0.5 | G2: No
A3: NPD-I10753 | B3: =IFERROR(VLOOKUP(A3,Ingredients!A:B,2,0), "") | C3: Bag | D3: 1 | E3: Kilograms | F3: 10 | G3: No
A4: NPD-I10754 | B4: =IFERROR(VLOOKUP(A4,Ingredients!A:B,2,0), "") | C4: 2 Litres | D4: 1 | E4: Kilograms | F4: 2 | G4: No
A5: NPD-I10755 | B5: =IFERROR(VLOOKUP(A5,Ingredients!A:B,2,0), "") | C5: Bag | D5: 1 | E5: Kilograms | F5: 3 | G5: No
A6: NPD-I10758 | B6: =IFERROR(VLOOKUP(A6,Ingredients!A:B,2,0), "") | C6: Trade Paper Sack | D6: 1 | E6: Kilograms | F6: 16 | G6: No
A7: NPD-I10759 | B7: =IFERROR(VLOOKUP(A7,Ingredients!A:B,2,0), "") | C7: Trade Paper Sack | D7: 1 | E7: Kilograms | F7: 16 | G7: No
A8: NPD-I10762 | B8: =IFERROR(VLOOKUP(A8,Ingredients!A:B,2,0), "") | C8: Bag | D8: 1 | E8: Kilograms | F8: 1 | G8: No
A9: NPD-I10763 | B9: =IFERROR(VLOOKUP(A9,Ingredients!A:B,2,0), "") | C9: Bag | D9: 1 | E9: Kilograms | F9: 1 | G9: No
A10: NPD-I10764 | B10: =IFERROR(VLOOKUP(A10,Ingredients!A:B,2,0), "") | C10: Bag | D10: 1 | E10: Kilograms | F10: 1 | G10: No
A11: NPD-I10765 | B11: =IFERROR(VLOOKUP(A11,Ingredients!A:B,2,0), "") | C11: 2 litres | D11: 1 | E11: Kilograms | F11: 2 | G11: No
A12: NPD-I10784 | B12: =IFERROR(VLOOKUP(A12,Ingredients!A:B,2,0), "") | C12: Tub | D12: 1 | E12: Kilograms | F12: 0.53 | G12: No
A13: NPD-I10785 | B13: =IFERROR(VLOOKUP(A13,Ingredients!A:B,2,0), "") | C13: Sack | D13: 1 | E13: Kilograms | F13: 16 | G13: No
... A95: NPD-I11783 | B95: =IFERROR(VLOOKUP(A95,Ingredients!A:B,2,0), "") | C95: Drum | D95: 1 | E95: Kilograms | F95: 20 | G95: No

Sheet Suppliers
A1: Code | B1: Description | C1: Supplier Code | D1: Supplier | E1: Supplier Address | F1: Is Primary Supplier | G1: Ext. Code | H1: Countries of Origin | I1: Countries of Manufacture
A2: NPD-I10748 | B2: =IFERROR(VLOOKUP(A2,Ingredients!A:B,2,0), "") | C2: S3 | D2: =IFERROR(VLOOKUP(C2,Reference!O:P,2,0), "") | F2: Yes
A3: NPD-I10752 | B3: =IFERROR(VLOOKUP(A3,Ingredients!A:B,2,0), "") | C3: S2 | D3: =IFERROR(VLOOKUP(C3,Reference!O:P,2,0), "") | E3: The Offices | North Leaze Farm | BA22 7BD | F3: Yes
A4: NPD-I10752 | B4: =IFERROR(VLOOKUP(A4,Ingredients!A:B,2,0), "") | C4: S3 | D4: =IFERROR(VLOOKUP(C4,Reference!O:P,2,0), "") | F4: No
A5: NPD-I10753 | B5: =IFERROR(VLOOKUP(A5,Ingredients!A:B,2,0), "") | C5: S3 | D5: =IFERROR(VLOOKUP(C5,Reference!O:P,2,0), "") | F5: No
A6: NPD-I10753 | B6: =IFERROR(VLOOKUP(A6,Ingredients!A:B,2,0), "") | C6: S14 | D6: =IFERROR(VLOOKUP(C6,Reference!O:P,2,0), "") | E6: The Fine Food Company UK Ltd | 20 Bennetts Field Trading Estate | BA9 9DT | F6: No
A7: NPD-I10754 | B7: =IFERROR(VLOOKUP(A7,Ingredients!A:B,2,0), "") | C7: S5 | D7: =IFERROR(VLOOKUP(C7,Reference!O:P,2,0), "") | F7: Yes
A8: NPD-I10754 | B8: =IFERROR(VLOOKUP(A8,Ingredients!A:B,2,0), "") | C8: S3 | D8: =IFERROR(VLOOKUP(C8,Reference!O:P,2,0), "") | F8: No
A9: NPD-I10755 | B9: =IFERROR(VLOOKUP(A9,Ingredients!A:B,2,0), "") | C9: S20 | D9: =IFERROR(VLOOKUP(C9,Reference!O:P,2,0), "") | F9: Yes
A10: NPD-I10756 | B10: =IFERROR(VLOOKUP(A10,Ingredients!A:B,2,0), "") | C10: S153 | D10: =IFERROR(VLOOKUP(C10,Reference!O:P,2,0), "") | F10: Yes
A11: NPD-I10756 | B11: =IFERROR(VLOOKUP(A11,Ingredients!A:B,2,0), "") | C11: S154 | D11: =IFERROR(VLOOKUP(C11,Reference!O:P,2,0), "") | F11: No
A12: NPD-I10758 | B12: =IFERROR(VLOOKUP(A12,Ingredients!A:B,2,0), "") | C12: S31 | D12: =IFERROR(VLOOKUP(C12,Reference!O:P,2,0), "") | F12: Yes
A13: NPD-I10759 | B13: =IFERROR(VLOOKUP(A13,Ingredients!A:B,2,0), "") | C13: S31 | D13: =IFERROR(VLOOKUP(C13,Reference!O:P,2,0), "") | F13: Yes
A14: NPD-I10762 | B14: =IFERROR(VLOOKUP(A14,Ingredients!A:B,2,0), "") | C14: S20 | D14: =IFERROR(VLOOKUP(C14,Reference!O:P,2,0), "") | F14: Yes
A15: NPD-I10763 | B15: =IFERROR(VLOOKUP(A15,Ingredients!A:B,2,0), "") | C15: S20 | D15: =IFERROR(VLOOKUP(C15,Reference!O:P,2,0), "") | F15: Yes
A16: NPD-I10764 | B16: =IFERROR(VLOOKUP(A16,Ingredients!A:B,2,0), "") | C16: S3 | D16: =IFERROR(VLOOKUP(C16,Reference!O:P,2,0), "") | F16: Yes
A17: NPD-I10765 | B17: =IFERROR(VLOOKUP(A17,Ingredients!A:B,2,0), "") | C17: S3 | D17: =IFERROR(VLOOKUP(C17,Reference!O:P,2,0), "") | F17: Yes
A18: NPD-I10765 | B18: =IFERROR(VLOOKUP(A18,Ingredients!A:B,2,0), "") | C18: S5 | D18: =IFERROR(VLOOKUP(C18,Reference!O:P,2,0), "") | E18: Bruton Dairy | Unit 1 | F18: No
A19: NPD-I10778 | B19: =IFERROR(VLOOKUP(A19,Ingredients!A:B,2,0), "") | C19: S3 | D19: =IFERROR(VLOOKUP(C19,Reference!O:P,2,0), "") | F19: Yes
A20: NPD-I10784 | B20: =IFERROR(VLOOKUP(A20,Ingredients!A:B,2,0), "") | C20: S20 | D20: =IFERROR(VLOOKUP(C20,Reference!O:P,2,0), "") | F20: Yes
A21: NPD-I10785 | B21: =IFERROR(VLOOKUP(A21,Ingredients!A:B,2,0), "") | C21: S3 | D21: =IFERROR(VLOOKUP(C21,Reference!O:P,2,0), "") | F21: Yes
A22: NPD-I10789 | B22: =IFERROR(VLOOKUP(A22,Ingredients!A:B,2,0), "") | C22: S3 | D22: =IFERROR(VLOOKUP(C22,Reference!O:P,2,0), "") | F22: Yes
A23: NPD-I10790 | B23: =IFERROR(VLOOKUP(A23,Ingredients!A:B,2,0), "") | C23: S3 | D23: =IFERROR(VLOOKUP(C23,Reference!O:P,2,0), "") | F23: Yes
A24: NPD-I10791 | B24: =IFERROR(VLOOKUP(A24,Ingredients!A:B,2,0), "") | C24: S13 | D24: =IFERROR(VLOOKUP(C24,Reference!O:P,2,0), "") | F24: Yes
A25: NPD-I10801 | B25: =IFERROR(VLOOKUP(A25,Ingredients!A:B,2,0), "") | C25: S19 | D25: =IFERROR(VLOOKUP(C25,Reference!O:P,2,0), "") | F25: Yes
A26: NPD-I10805 | B26: =IFERROR(VLOOKUP(A26,Ingredients!A:B,2,0), "") | C26: S3 | D26: =IFERROR(VLOOKUP(C26,Reference!O:P,2,0), "") | F26: Yes
A27: NPD-I10813 | B27: =IFERROR(VLOOKUP(A27,Ingredients!A:B,2,0), "") | C27: S3 | D27: =IFERROR(VLOOKUP(C27,Reference!O:P,2,0), "") | F27: Yes
A28: NPD-I10817 | B28: =IFERROR(VLOOKUP(A28,Ingredients!A:B,2,0), "") | C28: S3 | D28: =IFERROR(VLOOKUP(C28,Reference!O:P,2,0), "") | F28: Yes
A29: NPD-I10818 | B29: =IFERROR(VLOOKUP(A29,Ingredients!A:B,2,0), "") | C29: S3 | D29: =IFERROR(VLOOKUP(C29,Reference!O:P,2,0), "") | F29: Yes
A30: NPD-I10822 | B30: =IFERROR(VLOOKUP(A30,Ingredients!A:B,2,0), "") | C30: S3 | D30: =IFERROR(VLOOKUP(C30,Reference!O:P,2,0), "") | F30: Yes
... A34: NPD-I10859 | B34: =IFERROR(VLOOKUP(A34,Ingredients!A:B,2,0), "") | C34: S3 | D34: =IFERROR(VLOOKUP(C34,Reference!O:P,2,0), "") | F34: No
A35: NPD-I10861 | B35: =IFERROR(VLOOKUP(A35,Ingredients!A:B,2,0), "") | C35: S14 | D35: =IFERROR(VLOOKUP(C35,Reference!O:P,2,0), "") | E35: The Fine Food Company UK Ltd | 20 Bennetts Field Trading Estate | BA9 9DT | F35: Yes
A36: NPD-I10861 | B36: =IFERROR(VLOOKUP(A36,Ingredients!A:B,2,0), "") | C36: S3 | D36: =IFERROR(VLOOKUP(C36,Reference!O:P,2,0), "") | F36: No
A37: NPD-I10862 | B37: =IFERROR(VLOOKUP(A37,Ingredients!A:B,2,0), "") | C37: S3 | D37: =IFERROR(VLOOKUP(C37,Reference!O:P,2,0), "") | F37: Yes
A38: NPD-I10863 | B38: =IFERROR(VLOOKUP(A38,Ingredients!A:B,2,0), "") | C38: S3 | D38: =IFERROR(VLOOKUP(C38,Reference!O:P,2,0), "") | F38: Yes
A39: NPD-I10870 | B39: =IFERROR(VLOOKUP(A39,Ingredients!A:B,2,0), "") | C39: S3 | D39: =IFERROR(VLOOKUP(C39,Reference!O:P,2,0), "") | F39: Yes
A40: NPD-I10887 | B40: =IFERROR(VLOOKUP(A40,Ingredients!A:B,2,0), "") | C40: S3 | D40: =IFERROR(VLOOKUP(C40,Reference!O:P,2,0), "") | F40: Yes
A41: NPD-I10891 | B41: =IFERROR(VLOOKUP(A41,Ingredients!A:B,2,0), "") | C41: S20 | D41: =IFERROR(VLOOKUP(C41,Reference!O:P,2,0), "") | F41: Yes
A42: NPD-I10893 | B42: =IFERROR(VLOOKUP(A42,Ingredients!A:B,2,0), "") | C42: S50 | D42: =IFERROR(VLOOKUP(C42,Reference!O:P,2,0), "") | F42: Yes
A43: NPD-I10893 | B43: =IFERROR(VLOOKUP(A43,Ingredients!A:B,2,0), "") | C43: S3 | D43: =IFERROR(VLOOKUP(C43,Reference!O:P,2,0), "") | E43: Richard Wellocks & Sons Ltd | 4 Pendleside, | BB9 6SH | F43: No
A44: NPD-I10894 | B44: =IFERROR(VLOOKUP(A44,Ingredients!A:B,2,0), "") | C44: S7 | D44: =IFERROR(VLOOKUP(C44,Reference!O:P,2,0), "") | F44: Yes
A45: NPD-I10895 | B45: =IFERROR(VLOOKUP(A45,Ingredients!A:B,2,0), "") | C45: S3 | D45: =IFERROR(VLOOKUP(C45,Reference!O:P,2,0), "") | F45: Yes
A46: NPD-I10896 | B46: =IFERROR(VLOOKUP(A46,Ingredients!A:B,2,0), "") | C46: S3 | D46: =IFERROR(VLOOKUP(C46,Reference!O:P,2,0), "") | F46: Yes
A47: NPD-I10897 | B47: =IFERROR(VLOOKUP(A47,Ingredients!A:B,2,0), "") | C47: S3 | D47: =IFERROR(VLOOKUP(C47,Reference!O:P,2,0), "") | F47: Yes
A48: NPD-I10900 | B48: =IFERROR(VLOOKUP(A48,Ingredients!A:B,2,0), "") | C48: S3 | D48: =IFERROR(VLOOKUP(C48,Reference!O:P,2,0), "") | F48: Yes
A49: NPD-I10904 | B49: =IFERROR(VLOOKUP(A49,Ingredients!A:B,2,0), "") | C49: S20 | D49: =IFERROR(VLOOKUP(C49,Reference!O:P,2,0), "") | F49: Yes
A50: NPD-I10905 | B50: =IFERROR(VLOOKUP(A50,Ingredients!A:B,2,0), "") | C50: S3 | D50: =IFERROR(VLOOKUP(C50,Reference!O:P,2,0), "") | F50: Yes
A51: NPD-I10906 | B51: =IFERROR(VLOOKUP(A51,Ingredients!A:B,2,0), "") | C51: S3 | D51: =IFERROR(VLOOKUP(C51,Reference!O:P,2,0), "") | F51: Yes
A52: NPD-I10915 | B52: =IFERROR(VLOOKUP(A52,Ingredients!A:B,2,0), "") | C52: S3 | D52: =IFERROR(VLOOKUP(C52,Reference!O:P,2,0), "") | F52: Yes
A53: NPD-I10926 | B53: =IFERROR(VLOOKUP(A53,Ingredients!A:B,2,0), "") | C53: S3 | D53: =IFERROR(VLOOKUP(C53,Reference!O:P,2,0), "") | F53: Yes
A54: NPD-I10927 | B54: =IFERROR(VLOOKUP(A54,Ingredients!A:B,2,0), "") | C54: S2 | D54: =IFERROR(VLOOKUP(C54,Reference!O:P,2,0), "") | F54: Yes
A55: NPD-I10928 | B55: =IFERROR(VLOOKUP(A55,Ingredients!A:B,2,0), "") | C55: S3 | D55: =IFERROR(VLOOKUP(C55,Reference!O:P,2,0), "") | F55: Yes
... A60: NPD-I10943 | B60: =IFERROR(VLOOKUP(A60,Ingredients!A:B,2,0), "") | C60: S3 | D60: =IFERROR(VLOOKUP(C60,Reference!O:P,2,0), "") | F60: Yes
A61: NPD-I10943 | B61: =IFERROR(VLOOKUP(A61,Ingredients!A:B,2,0), "") | C61: S20 | D61: =IFERROR(VLOOKUP(C61,Reference!O:P,2,0), "") | E61: Ritter Courivaud Ltd | Unit 4 Westlinks, | HA0 1ER | F61: No
A62: NPD-I10944 | B62: =IFERROR(VLOOKUP(A62,Ingredients!A:B,2,0), "") | C62: S3 | D62: =IFERROR(VLOOKUP(C62,Reference!O:P,2,0), "") | F62: Yes
A63: NPD-I10946 | B63: =IFERROR(VLOOKUP(A63,Ingredients!A:B,2,0), "") | C63: S20 | D63: =IFERROR(VLOOKUP(C63,Reference!O:P,2,0), "") | F63: No
A64: NPD-I10948 | B64: =IFERROR(VLOOKUP(A64,Ingredients!A:B,2,0), "") | C64: S3 | D64: =IFERROR(VLOOKUP(C64,Reference!O:P,2,0), "") | F64: Yes
A65: NPD-I10950 | B65: =IFERROR(VLOOKUP(A65,Ingredients!A:B,2,0), "") | C65: S3 | D65: =IFERROR(VLOOKUP(C65,Reference!O:P,2,0), "") | F65: Yes
A66: NPD-I10951 | B66: =IFERROR(VLOOKUP(A66,Ingredients!A:B,2,0), "") | C66: S31 | D66: =IFERROR(VLOOKUP(C66,Reference!O:P,2,0), "") | F66: Yes
A67: NPD-I10952 | B67: =IFERROR(VLOOKUP(A67,Ingredients!A:B,2,0), "") | C67: S3 | D67: =IFERROR(VLOOKUP(C67,Reference!O:P,2,0), "") | F67: Yes
A68: NPD-I10969 | B68: =IFERROR(VLOOKUP(A68,Ingredients!A:B,2,0), "") | C68: S3 | D68: =IFERROR(VLOOKUP(C68,Reference!O:P,2,0), "") | F68: Yes
A69: NPD-I10970 | B69: =IFERROR(VLOOKUP(A69,Ingredients!A:B,2,0), "") | C69: S3 | D69: =IFERROR(VLOOKUP(C69,Reference!O:P,2,0), "") | F69: Yes
A70: NPD-I10973 | B70: =IFERROR(VLOOKUP(A70,Ingredients!A:B,2,0), "") | C70: S3 | D70: =IFERROR(VLOOKUP(C70,Reference!O:P,2,0), "") | F70: Yes
A71: NPD-I10974 | B71: =IFERROR(VLOOKUP(A71,Ingredients!A:B,2,0), "") | C71: S144 | D71: =IFERROR(VLOOKUP(C71,Reference!O:P,2,0), "") | E71: Pass Vale Farm | Burrow Hill | TA12 6BU | F71: No
A72: NPD-I10975 | B72: =IFERROR(VLOOKUP(A72,Ingredients!A:B,2,0), "") | C72: S3 | D72: =IFERROR(VLOOKUP(C72,Reference!O:P,2,0), "") | F72: Yes
A73: NPD-I10977 | B73: =IFERROR(VLOOKUP(A73,Ingredients!A:B,2,0), "") | C73: S3 | D73: =IFERROR(VLOOKUP(C73,Reference!O:P,2,0), "") | F73: Yes
A74: NPD-I10978 | B74: =IFERROR(VLOOKUP(A74,Ingredients!A:B,2,0), "") | C74: S3 | D74: =IFERROR(VLOOKUP(C74,Reference!O:P,2,0), "") | F74: Yes
A75: NPD-I10980 | B75: =IFERROR(VLOOKUP(A75,Ingredients!A:B,2,0), "") | C75: S3 | D75: =IFERROR(VLOOKUP(C75,Reference!O:P,2,0), "") | F75: Yes
A76: NPD-I10982 | B76: =IFERROR(VLOOKUP(A76,Ingredients!A:B,2,0), "") | C76: S3 | D76: =IFERROR(VLOOKUP(C76,Reference!O:P,2,0), "") | F76: Yes
A77: NPD-I10983 | B77: =IFERROR(VLOOKUP(A77,Ingredients!A:B,2,0), "") | C77: S3 | D77: =IFERROR(VLOOKUP(C77,Reference!O:P,2,0), "") | F77: Yes
A78: NPD-I10984 | B78: =IFERROR(VLOOKUP(A78,Ingredients!A:B,2,0), "") | C78: S160 | D78: =IFERROR(VLOOKUP(C78,Reference!O:P,2,0), "") | F78: Yes
A79: NPD-I10987 | B79: =IFERROR(VLOOKUP(A79,Ingredients!A:B,2,0), "") | C79: S3 | D79: =IFERROR(VLOOKUP(C79,Reference!O:P,2,0), "") | F79: Yes
A80: NPD-I10992 | B80: =IFERROR(VLOOKUP(A80,Ingredients!A:B,2,0), "") | C80: S3 | D80: =IFERROR(VLOOKUP(C80,Reference!O:P,2,0), "") | F80: Yes
A81: NPD-I11025 | B81: =IFERROR(VLOOKUP(A81,Ingredients!A:B,2,0), "") | C81: S3 | D81: =IFERROR(VLOOKUP(C81,Reference!O:P,2,0), "") | F81: Yes
A82: NPD-I11040 | B82: =IFERROR(VLOOKUP(A82,Ingredients!A:B,2,0), "") | C82: S3 | D82: =IFERROR(VLOOKUP(C82,Reference!O:P,2,0), "") | F82: Yes
A83: NPD-I11045 | B83: =IFERROR(VLOOKUP(A83,Ingredients!A:B,2,0), "") | C83: S31 | D83: =IFERROR(VLOOKUP(C83,Reference!O:P,2,0), "") | F83: Yes
A84: NPD-I11047 | B84: =IFERROR(VLOOKUP(A84,Ingredients!A:B,2,0), "") | C84: S3 | D84: =IFERROR(VLOOKUP(C84,Reference!O:P,2,0), "") | F84: Yes
A85: NPD-I11056 | B85: =IFERROR(VLOOKUP(A85,Ingredients!A:B,2,0), "") | C85: S3 | D85: =IFERROR(VLOOKUP(C85,Reference!O:P,2,0), "") | F85: Yes | H85: Argentina, Bolivia, Peru | I85: United Kingdom
A86: NPD-I11056 | B86: =IFERROR(VLOOKUP(A86,Ingredients!A:B,2,0), "") | C86: S13 | D86: =IFERROR(VLOOKUP(C86,Reference!O:P,2,0), "") | F86: No | H86: Bolivia | I86: United Kingdom
A87: NPD-I11057 | B87: =IFERROR(VLOOKUP(A87,Ingredients!A:B,2,0), "") | C87: S20 | D87: =IFERROR(VLOOKUP(C87,Reference!O:P,2,0), "") | F87: No
A88: NPD-I11060 | B88: =IFERROR(VLOOKUP(A88,Ingredients!A:B,2,0), "") | C88: S3 | D88: =IFERROR(VLOOKUP(C88,Reference!O:P,2,0), "") | F88: Yes
A89: NPD-I11061 | B89: =IFERROR(VLOOKUP(A89,Ingredients!A:B,2,0), "") | C89: S20 | D89: =IFERROR(VLOOKUP(C89,Reference!O:P,2,0), "") | F89: Yes
A90: NPD-I11067 | B90: =IFERROR(VLOOKUP(A90,Ingredients!A:B,2,0), "") | C90: S20 | D90: =IFERROR(VLOOKUP(C90,Reference!O:P,2,0), "") | F90: Yes
A91: NPD-I11090 | B91: =IFERROR(VLOOKUP(A91,Ingredients!A:B,2,0), "") | C91: S3 | D91: =IFERROR(VLOOKUP(C91,Reference!O:P,2,0), "") | F91: Yes
A92: NPD-I11124 | B92: =IFERROR(VLOOKUP(A92,Ingredients!A:B,2,0), "") | C92: S80 | D92: =IFERROR(VLOOKUP(C92,Reference!O:P,2,0), "") | F92: Yes | I92: United Kingdom
A93: NPD-I11134 | B93: =IFERROR(VLOOKUP(A93,Ingredients!A:B,2,0), "") | C93: S3 | D93: =IFERROR(VLOOKUP(C93,Reference!O:P,2,0), "") | F93: Yes
A94: NPD-I11135 | B94: =IFERROR(VLOOKUP(A94,Ingredients!A:B,2,0), "") | C94: S3 | D94: =IFERROR(VLOOKUP(C94,Reference!O:P,2,0), "") | F94: Yes
A95: NPD-I11136 | B95: =IFERROR(VLOOKUP(A95,Ingredients!A:B,2,0), "") | C95: S20 | D95: =IFERROR(VLOOKUP(C95,Reference!O:P,2,0), "") | F95: Yes
A96: NPD-I11157 | B96: =IFERROR(VLOOKUP(A96,Ingredients!A:B,2,0), "") | C96: S3 | D96: =IFERROR(VLOOKUP(C96,Reference!O:P,2,0), "") | E96: Richard Wellocks & Sons Ltd | 4 Pendleside, | BB9 6SH | F96: No
A97: NPD-I11168 | B97: =IFERROR(VLOOKUP(A97,Ingredients!A:B,2,0), "") | C97: S3 | D97: =IFERROR(VLOOKUP(C97,Reference!O:P,2,0), "") | F97: Yes
A98: NPD-I11177 | B98: =IFERROR(VLOOKUP(A98,Ingredients!A:B,2,0), "") | C98: S3 | D98: =IFERROR(VLOOKUP(C98,Reference!O:P,2,0), "") | F98: Yes
A99: NPD-I11204 | B99: =IFERROR(VLOOKUP(A99,Ingredients!A:B,2,0), "") | C99: S31 | D99: =IFERROR(VLOOKUP(C99,Reference!O:P,2,0), "") | E99: FWP Matthews Ltd (Production Site Address) | Station Road | 0X7 6BH | F99: Yes
A100: NPD-I11207 | B100: =IFERROR(VLOOKUP(A100,Ingredients!A:B,2,0), "") | C100: S14 | D100: =IFERROR(VLOOKUP(C100,Reference!O:P,2,0), "") | E100: The Fine Food Company UK Ltd | 20 Bennetts Field Trading Estate | BA9 9DT | F100: Yes
A101: NPD-I11210 | B101: =IFERROR(VLOOKUP(A101,Ingredients!A:B,2,0), "") | C101: S20 | D101: =IFERROR(VLOOKUP(C101,Reference!O:P,2,0), "") | F101: Yes
A102: NPD-I11386 | B102: =IFERROR(VLOOKUP(A102,Ingredients!A:B,2,0), "") | C102: S133 | D102: =IFERROR(VLOOKUP(C102,Reference!O:P,2,0), "") | F102: Yes
A103: NPD-I11423 | B103: =IFERROR(VLOOKUP(A103,Ingredients!A:B,2,0), "") | C103: S3 | D103: =IFERROR(VLOOKUP(C103,Reference!O:P,2,0), "") | F103: Yes
A104: NPD-I11490 | B104: =IFERROR(VLOOKUP(A104,Ingredients!A:B,2,0), "") | C104: S20 | D104: =IFERROR(VLOOKUP(C104,Reference!O:P,2,0), "") | E104: Ritter Courivaud Ltd | Unit 4 Westlinks, | HA0 1ER | F104: Yes
A105: NPD-I11491 | B105: =IFERROR(VLOOKUP(A105,Ingredients!A:B,2,0), "") | C105: S20 | D105: =IFERROR(VLOOKUP(C105,Reference!O:P,2,0), "") | E105: Ritter Courivaud Ltd | Unit 4 Westlinks, | HA0 1ER | F105: Yes
A106: NPD-I11502 | B106: =IFERROR(VLOOKUP(A106,Ingredients!A:B,2,0), "") | C106: S20 | D106: =IFERROR(VLOOKUP(C106,Reference!O:P,2,0), "") | E106: Ritter Courivaud Ltd | Unit 4 Westlinks, | HA0 1ER | F106: Yes
A107: NPD-I11510 | B107: =IFERROR(VLOOKUP(A107,Ingredients!A:B,2,0), "") | C107: S20 | D107: =IFERROR(VLOOKUP(C107,Reference!O:P,2,0), "") | E107: Ritter Courivaud Ltd | Unit 4 Westlinks, | HA0 1ER | F107: Yes
...

Sheet Manufacturers
A1: Code | B1: Description | C1: Supplier Code | D1: Supplier | E1: Supplier Address | F1: Manufacturer Code | G1: Manufacturer | H1: Manufacturer Address | I1: Ext. Code

Sheet Composite Suppliers
A1: Code | B1: Description | C1: Composite Level 1 | D1: Composite Level 2 | E1: Composite Level 3 | F1: Composite Level 4 | G1: Supplier Code | H1: Supplier | I1: Address | J1: Ext. Code | K1: Countries of Manufacture | L1: Countries of Origin

Sheet Ingredient Customer Overrides
A1: Code | B1: Description | C1: Customer | D1: Default Label Name | E1: Default Label Mode | F1: Default Function
A2: NPD-I10748 | B2: =IFERROR(VLOOKUP(A2,Ingredients!A:B,2,0), "") | C2: 3rd Party
A3: NPD-I10748 | B3: =IFERROR(VLOOKUP(A3,Ingredients!A:B,2,0), "") | C3: Bakery
A4: NPD-I10748 | B4: =IFERROR(VLOOKUP(A4,Ingredients!A:B,2,0), "") | C4: Butchery
A5: NPD-I10748 | B5: =IFERROR(VLOOKUP(A5,Ingredients!A:B,2,0), "") | C5: CPU & NPD
A6: NPD-I10748 | B6: =IFERROR(VLOOKUP(A6,Ingredients!A:B,2,0), "") | C6: Creamery
A7: NPD-I10748 | B7: =IFERROR(VLOOKUP(A7,Ingredients!A:B,2,0), "") | C7: Cyder
A8: NPD-I10748 | B8: =IFERROR(VLOOKUP(A8,Ingredients!A:B,2,0), "") | C8: Farm Kitchen
A9: NPD-I10748 | B9: =IFERROR(VLOOKUP(A9,Ingredients!A:B,2,0), "") | C9: Gelateria
A10: NPD-I10748 | B10: =IFERROR(VLOOKUP(A10,Ingredients!A:B,2,0), "") | C10: Productive Growing
A11: NPD-I10752 | B11: =IFERROR(VLOOKUP(A11,Ingredients!A:B,2,0), "") | C11: 3rd Party
A12: NPD-I10752 | B12: =IFERROR(VLOOKUP(A12,Ingredients!A:B,2,0), "") | C12: Bakery
A13: NPD-I10752 | B13: =IFERROR(VLOOKUP(A13,Ingredients!A:B,2,0), "") | C13: Butchery
... A928: NPD-I11783 | B928: =IFERROR(VLOOKUP(A928,Ingredients!A:B,2,0), "") | C928: Productive Growing

Sheet Composite Customer Overrides
A1: Code | B1: Description | C1: Composite Level 1 | D1: Composite Level 2 | E1: Composite Level 3 | F1: Composite Level 4 | G1: 3rd Party Default Label Name | H1: 3rd Party Default Label Mode | I1: 3rd Party Default Function | J1: Bakery Default Label Name | K1: Bakery Default Label Mode | L1: Bakery Default Function | M1: Butchery Default Label Name | N1: Butchery Default Label Mode | O1: Butchery Default Function | P1: CPU & NPD Default Label Name | Q1: CPU & NPD Default Label Mode | R1: CPU & NPD Default Function | S1: Creamery Default Label Name | T1: Creamery Default Label Mode | U1: Creamery Default Function | V1: Cyder Default Label Name | W1: Cyder Default Label Mode | X1: Cyder Default Function | Y1: Farm Kitchen Default Label Name | Z1: Farm Kitchen Default Label Mode | AA1: Farm Kitchen Default Function | AB1: Gelateria Default Label Name | AC1: Gelateria Default Label Mode | AD1: Gelateria Default Function | AE1: Productive Growing Default Label Name | AF1: Productive Growing Default Label Mode | AG1: Productive Growing Default Function
A2: NPD-I10758 | B2: =IFERROR(VLOOKUP(A2,Ingredients!A:B,2,0), "") | C2: Wheat Flour
A3: NPD-I10758 | B3: =IFERROR(VLOOKUP(A3,Ingredients!A:B,2,0), "") | C3: Calcium Carbonate
A4: NPD-I10758 | B4: =IFERROR(VLOOKUP(A4,Ingredients!A:B,2,0), "") | C4: Iron
A5: NPD-I10758 | B5: =IFERROR(VLOOKUP(A5,Ingredients!A:B,2,0), "") | C5: Niacin
A6: NPD-I10758 | B6: =IFERROR(VLOOKUP(A6,Ingredients!A:B,2,0), "") | C6: Thiamin
A7: NPD-I10758 | B7: =IFERROR(VLOOKUP(A7,Ingredients!A:B,2,0), "") | C7: Folic Acid
A8: NPD-I10759 | B8: =IFERROR(VLOOKUP(A8,Ingredients!A:B,2,0), "") | C8: Wheat Flour
A9: NPD-I10759 | B9: =IFERROR(VLOOKUP(A9,Ingredients!A:B,2,0), "") | C9: Calcium Carbonate
A10: NPD-I10759 | B10: =IFERROR(VLOOKUP(A10,Ingredients!A:B,2,0), "") | C10: Iron
A11: NPD-I10759 | B11: =IFERROR(VLOOKUP(A11,Ingredients!A:B,2,0), "") | C11: Niacin
A12: NPD-I10759 | B12: =IFERROR(VLOOKUP(A12,Ingredients!A:B,2,0), "") | C12: Thiamin
A13: NPD-I10759 | B13: =IFERROR(VLOOKUP(A13,Ingredients!A:B,2,0), "") | C13: Folic Acid
... A134: NPD-I11136 | B134: =IFERROR(VLOOKUP(A134,Ingredients!A:B,2,0), "") | C134: Vegetable Oils and Fats
A135: NPD-I11136 | B135: =IFERROR(VLOOKUP(A135,Ingredients!A:B,2,0), "") | C135: Vegetable Oils and Fats | D135: Shea
A136: NPD-I11136 | B136: =IFERROR(VLOOKUP(A136,Ingredients!A:B,2,0), "") | C136: Vegetable Oils and Fats | D136: Coconut
A137: NPD-I11136 | B137: =IFERROR(VLOOKUP(A137,Ingredients!A:B,2,0), "") | C137: Vegetable Oils and Fats | D137: Sunflower
A138: NPD-I11136 | B138: =IFERROR(VLOOKUP(A138,Ingredients!A:B,2,0), "") | C138: Water
A139: NPD-I11136 | B139: =IFERROR(VLOOKUP(A139,Ingredients!A:B,2,0), "") | C139: Mono and Diglycerides of Fatty Acids
A140: NPD-I11136 | B140: =IFERROR(VLOOKUP(A140,Ingredients!A:B,2,0), "") | C140: Sunflower Lecithin
A141: NPD-I11136 | B141: =IFERROR(VLOOKUP(A141,Ingredients!A:B,2,0), "") | C141: Citric Acid
A142: NPD-I11136 | B142: =IFERROR(VLOOKUP(A142,Ingredients!A:B,2,0), "") | C142: Potassium Sorbate
A143: NPD-I11136 | B143: =IFERROR(VLOOKUP(A143,Ingredients!A:B,2,0), "") | C143: Natural Flavour
A144: NPD-I11204 | B144: =IFERROR(VLOOKUP(A144,Ingredients!A:B,2,0), "") | C144: Wheat Flour
A145: NPD-I11204 | B145: =IFERROR(VLOOKUP(A145,Ingredients!A:B,2,0), "") | C145: Calcium Carbonate
A146: NPD-I11204 | B146: =IFERROR(VLOOKUP(A146,Ingredients!A:B,2,0), "") | C146: Iron
A147: NPD-I11204 | B147: =IFERROR(VLOOKUP(A147,Ingredients!A:B,2,0), "") | C147: Niacin
A148: NPD-I11204 | B148: =IFERROR(VLOOKUP(A148,Ingredients!A:B,2,0), "") | C148: Thiamin
A149: NPD-I11204 | B149: =IFERROR(VLOOKUP(A149,Ingredients!A:B,2,0), "") | C149: Folic Acid
... A159: NPD-I11491 | B159: =IFERROR(VLOOKUP(A159,Ingredients!A:B,2,0), "") | C159: Alcohol
A160: NPD-I11491 | B160: =IFERROR(VLOOKUP(A160,Ingredients!A:B,2,0), "") | C160: Alcohol | D160: Ethanol
A161: NPD-I11491 | B161: =IFERROR(VLOOKUP(A161,Ingredients!A:B,2,0), "") | C161: Almond Oil
A162: NPD-I11491 | B162: =IFERROR(VLOOKUP(A162,Ingredients!A:B,2,0), "") | C162: Water
A163: NPD-I11502 | B163: =IFERROR(VLOOKUP(A163,Ingredients!A:B,2,0), "") | C163: Apple
A164: NPD-I11502 | B164: =IFERROR(VLOOKUP(A164,Ingredients!A:B,2,0), "") | C164: Sugar
A165: NPD-I11510 | B165: =IFERROR(VLOOKUP(A165,Ingredients!A:B,2,0), "") | C165: Sugar
A166: NPD-I11510 | B166: =IFERROR(VLOOKUP(A166,Ingredients!A:B,2,0), "") | C166: Cocoa Mass
A167: NPD-I11510 | B167: =IFERROR(VLOOKUP(A167,Ingredients!A:B,2,0), "") | C167: Cocoa Butter
A168: NPD-I11510 | B168: =IFERROR(VLOOKUP(A168,Ingredients!A:B,2,0), "") | C168: Natural Vanilla Flavouring
A169: NPD-I11510 | B169: =IFERROR(VLOOKUP(A169,Ingredients!A:B,2,0), "") | C169: Soya Lecithin
A170: NPD-I11610 | B170: =IFERROR(VLOOKUP(A170,Ingredients!A:B,2,0), "") | C170: Pumpkin Seed
A171: NPD-I11610 | B171: =IFERROR(VLOOKUP(A171,Ingredients!A:B,2,0), "") | C171: Sunflower Seed
A172: NPD-I11610 | B172: =IFERROR(VLOOKUP(A172,Ingredients!A:B,2,0), "") | C172: Brown Linseed
... A177: NPD-I11748 | B177: =IFERROR(VLOOKUP(A177,Ingredients!A:B,2,0), "") | C177: Cherries

Sheet Reference
A1: Status | C1: Formats | E1: Categories | G1: Meat Types | I1: Chocolate Type | K1: Chocolate Supplement | M1: Countries | O1: Suppliers | T1: Label Modes | V1: Allergens | AA1: Additives | AC1: Functions | AE1: Composite Quantity Types | AH1: Tags | AK1: Shelf Life Periods | AM1: Shelf Life After Open Periods
A3: Description | C3: Description | E3: Description | G3: Description | I3: Description | K3: Description | M3: Description | O3: Supplier Code | P3: Description | Q3: Status | R3: Categories | T3: Description | V3: Description | W3: Parts Per Million | X3: Alternate names | AA3: Description | AC3: Description | AE3: Description | AH3: Description | AK3: Description | AM3: Description
A4: P74 Load - Preparation | C4: Ambient | E4: 3rd Party Ing | G4: Beef | I4: Dark Chocolate | K4: Couverture | M4: Afghanistan | O4: S165 | P4: 1701 | Q4: Approved | R4: Third Party Supplier/The Newt Branded | T4: Breakdown | V4: Celery | W4: 0 | X4: Celeriac | Y4: Celery | AA4: None | AC4: None | AE4: Percent | AK4: Hours | AM4: Hours
A5: P74 Load - Data Capture | C5: Chilled | E5: Dairy & Eggs | G5: Chicken | I5: Milk Chocolate | K5: Gianduja | M5: Albania | O5: S45 | P5: Abpac | Q5: Approved | R5: Packaging Supplier | T5: Description | V5: Cereals containing gluten | W5: 0 | X5: Barley | Y5: Cereals containing gluten | AA5: E100 | AC5: Unknown | AE5: PPM | AK5: Days | AM5: Days
A6: P74 Load - Client Validation | C6: Dried | E6: Dry Goods | G6: Duck | I6: Ruby Chocolate | K6: Vermicelli | M6: Algeria | O6: S43 | P6: Alliance | Q6: Approved | R6: Packaging Supplier | T6: Exclude | X6: Gluten | Y6: Crustaceans | AA6: E101 | AC6: Acid | AK6: Weeks | AM6: Weeks
A7: New | C7: Frozen | E7: Frozen Goods | G7: Lamb | I7: White Chocolate | M7: American Samoa | O7: S155 | P7: Alpma GB Limited | Q7: Archived | R7: Packaging Supplier | T7: FSA | X7: Rye | Y7: Eggs | AA7: E102 | AC7: Acidity Regulator | AK7: Months | AM7: Months
A8: Data Capture | E8: Fruit & Veg | G8: Mutton | M8: Andorra | O8: S56 | P8: Amaretti Virginia | Q8: Approved | R8: 3rd party,3rd Party/newt branded,The Newt Branded | T8: Merge | X8: Wheat | Y8: Fish | AA8: E104 | AC8: Anti-caking Agent | AK8: Years | AM8: Years
A9: Pending Approval | E9: Meat & Poultry | G9: Other | M9: Angola | O9: S42 | P9: Ambican | Q9: Approved | R9: Packaging Supplier | T9: Separate | X9: Oat | Y9: Lupin | AA9: E110 | AC9: Anti-foaming Agent | AM9: Remainder of Life
A10: Approved | E10: Unassigned | G10: Pheasant | M10: Anguilla | O10: S38 | P10: Ampersand Dairy | Q10: Delisted | R10: Raw Material Supplier | X10: Spelt | Y10: Milk | AA10: E120 | AC10: Antioxidant
A11: Archived | G11: Pigeon | M11: Antigua & Barbuda | O11: S57 | P11: Antonelli | Q11: Approved | R11: Raw Material Supplier | X11: Kamut | Y11: Molluscs | AA11: E122 | AC11: Bulking Agent
A12: Delisted | G12: Pork | M12: Argentina | O12: S61 | P12: Arthur David | Q12: Approved | R12: Raw Material Supplier | X12: Oats | Y12: Mustard | AA12: E123 | AC12: Carrier
G13: Rabbit | M13: Armenia | O13: S177 | P13: Atlantic Distillery | Q13: Approved | R13: The Newt Branded | V13: Crustaceans | W13: 0 | Y13: Peanuts | AA13: E124 | AC13: Carrier Solvent
G14: Turkey | M14: Aruba | O14: S161 | P14: Atlas - Smurfit Westrock | Q14: Approved | R14: Packaging Supplier | V14: Eggs | W14: 0 | X14: Egg | Y14: Sesame | AA14: E127 | AC14: Colour
G15: Venison | M15: Australia | O15: S46 | P15: Aubrey Allen | Q15: Archived | R15: Raw Material / Third Party Supplier | X15: Egg Albumen | Y15: Soya | AA15: E129 | AC15: Emulsifier
M16: Austria | O16: S173 | P16: Audrey's Chocolates | Q16: Approved | R16: 3rd Party/newt branded,Third Party Supplier/The Newt Branded | V16: Fish | W16: 0 | Y16: Sulphites | AA16: E131 | AC16: Emulsifying Salt
M17: Azerbaijan | O17: S36 | P17: Babylonstoren | Q17: Approved | R17: Raw Material / Third Party / The Newt Branded | V17: Lupin | W17: 0 | Y17: Treenuts | AA17: E132 | AC17: Firming Agent
M18: Bahamas | O18: S136 | P18: Bagborough Farms | Q18: Approved | R18: Raw Material Supplier | V18: Milk | W18: 0 | AA18: E133 | AC18: Flavour Enhancer
M19: Bahrain | O19: S169 | P19: Bakery Bits | Q19: Approved | R19: Raw Material Supplier | V19: Molluscs | W19: 0 | AA19: E140 | AC19: Flour Treatment Agent
M20: Bangladesh | O20: S64 | P20: Beech Ridge Farm | Q20: Delisted | R20: Raw Material Supplier | V20: Mustard | W20: 0 | AA20: E141 | AC20: Foaming Agent
M21: Barbados | O21: S41 | P21: Bizerba UK | Q21: Approved | R21: Packaging Supplier | V21: Peanuts | W21: 0 | X21: Peanut | AA21: E142 | AC21: Gelling Agent
M22: Belarus | O22: S7 | P22: Black Bee Honey | Q22: Approved | R22: Raw Material / Third Party Supplier | V22: Sesame | W22: 0 | AA22: E150a | AC22: Glazing Agent
M23: Belgium | O23: S174 | P23: Boddington's Berries | Q23: Approved | V23: Soya | W23: 0 | X23: Soy Beans | AA23: E150b | AC23: Humectant
M24: Belize | O24: S62 | P24: Bridge Farm Quail | Q24: Delisted | R24: Raw Material Supplier | X24: Soya | AA24: E150c | AC24: Modified Starch
M25: Benin | O25: S39 | P25: Brue Valley | Q25: Approved | R25: Raw Material Supplier | X25: Soy Bean | AA25: E150d | AC25: Packaging Gas
M26: Bermuda | O26: S5 | P26: Bruton Dairies | Q26: Approved | R26: Raw Material / Third Party Supplier | X26: Soybean | AA26: E151 | AC26: Preservative
M27: Bhutan | O27: S87 | P27: Canjoy New Materials Co | Q27: Approved | R27: Packaging Supplier | V27: Sulphites | W27: 10 | X27: Sulphur dioxide | AA27: E153 | AC27: Processing Aid
M28: Bolivia | O28: S9 | P28: Castlemead Poultry | Q28: Delisted | R28: Raw Material Supplier | X28: Sulphite | AA28: E155 | AC28: Propellant
M29: Bonaire | O29: S68 | P29: Cedar Packaging Group | Q29: Approved | R29: Packaging Supplier | X29: Metabisulphite | AA29: E160a | AC29: Raising Agent
M30: Bosnia & Herzegovina | O30: S52 | P30: Cheddar Ales | Q30: Delisted | R30: Raw Material / Third Party Supplier | V30: Treenuts | W30: 0 | X30: Almond | AA30: E160b(i) | AC30: Sequestrant
M31: Botswana | O31: S142 | P31: Chesil Smokery | Q31: Approved | R31: 3rd Party/newt branded | X31: Hazelnut | AA31: E160b(ii) | AC31: Stabiliser
M32: Brazil | O32: S113 | P32: Chew Valley | Q32: Approved | R32: 3rd Party/newt branded,Raw Material / Third Party / The Newt Branded,The Newt Branded | X32: Walnut | AA32: E160c | AC32: Sweetener
M33: Brunei | O33: S109 | P33: Chococo | Q33: Approved | R33: The Newt Branded,Third Party Supplier/The Newt Branded | X33: Cashew Nut | AA33: E160d | AC33: Thickener
M34: Bulgaria | O34: S99 | P34: Clarence & Bean | Q34: Approved | R34: 3rd party,The Newt Branded | X34: Pecan Nut | AA34: E160e
M35: Burkina Faso | O35: S145 | P35: Classic Fine Foods | Q35: Approved | R35: 3rd party,Raw Material Supplier | X35: Brazil Nut | AA35: E161b
M36: Burundi | O36: S106 | P36: CNS | Q36: Archived | R36: Raw Material Supplier,The Newt Branded | X36: Pistachio Nut | AA36: E161g
M37: Cambodia | O37: S110 | P37: Cocoa Loco Ltd | Q37: Approved | R37: Third Party Supplier/The Newt Branded | X37: Macadamia Nut | AA37: E162
M38: Cameroon | O38: S119 | P38: Cornish Charcuterie | Q38: Approved | R38: 3rd Party/newt branded,The Newt Branded,Third Party Supplier/The Newt Branded | X38: Queensland Nut | AA38: E163
M39: Canada | O39: S135 | P39: Cotswold Gold | Q39: Approved | R39: Third Party Supplier/The Newt Branded | X39: Cashew | AA39: E170
M40: Cape Verde | O40: S129 | P40: Craft & Crumb | Q40: Approved | R40: Raw Material / Third Party Supplier | X40: Pecan | AA40: E171
M41: Cayman Islands | O41: S10 | P41: Creedy Carver Ltd | Q41: Approved | R41: Raw Material Supplier | X41: Pistachio | AA41: E172
M42: Central African Republic | O42: S176 | P42: Crown National | Q42: New | X42: Macadamia | AA42: E173
M43: Chad | O43: S77 | P43: CS Labels Ltd | Q43: Approved | R43: Packaging Supplier | X43: Almonds | AA43: E174
M44: Chile | O44: S11 | P44: Curtiss Pitts Deer Services | Q44: Approved | R44: Raw Material Supplier | X44: Hazelnuts | AA44: E175
M45: China | O45: S150 | P45: DaklaPack | Q45: Approved | R45: Packaging Supplier | X45: Walnuts | AA45: E180
M46: Christmas Island | O46: S81 | P46: Danisco | Q46: Archived | X46: Cashew Nuts | AA46: E200
M47: Cocos (Keeling) Islands | O47: S108 | P47: Distinctive Confectionary Ltd | Q47: Approved | R47: 3rd Party/newt branded,The Newt Branded,Third Party Supplier/The Newt Branded | X47: Pecan Nuts | AA47: E202
M48: Colombia | O48: S50 | P48: Dorset Sea Salt | Q48: Approved | R48: Raw Material Supplier | X48: Brazil Nuts | AA48: E210
M49: Comoros | O49: S12 | P49: Elliscombe Dairy Farm | Q49: Delisted | R49: Raw Material Supplier | X49: Pistachio Nuts | AA49: E211
M50: Cook Islands | O50: S71 | P50: Elliscombe Farm - Wadmans | Q50: Archived | R50: Raw Material Supplier | X50: Macadamia Nuts | AA50: E212
M51: Costa Rica | O51: S85 | P51: Essential | Q51: Archived | R51: Raw Material Supplier | X51: Queensland Nuts | AA51: E213
M52: Croatia | O52: S13 | P52: Essential Trading Coop | Q52: Approved | R52: Raw Material Supplier | X52: Cashews | AA52: E214
M53: Cuba | O53: S55 | P53: Essenza | Q53: Approved | R53: Raw Material Supplier | X53: Pecans | AA53: E215
M54: Curaçao | O54: S37 | P54: Estate Kitchen | Q54: Approved | R54: RM Supplier & The Newt Branded | X54: Pistachios | AA54: E218
M55: Cyprus | O55: S70 | P55: Extract Coffee | Q55: Approved | R55: Third Party Supplier/The Newt Branded | X55: Macadamias | AA55: E219
M56: Czech Republic | O56: S66 | P56: Flying Fish Seafoods | Q56: Archived | R56: Raw Material Supplier | X56: Nuts | AA56: E220
M57: Democratic Republic of the Congo | O57: S158 | P57: Foodnet | Q57: Approved | R57: Raw Material Supplier | AA57: E221
M58: Denmark | O58: S60 | P58: Frenchbeer Farm | Q58: Approved | R58: Raw Material Supplier | AA58: E222
M59: Djibouti | O59: S152 | P59: Futamura | Q59: Approved | R59: Packaging Supplier | AA59: E223
M60: Dominica | O60: S160 | P60: GCL Food Ingredients | Q60: Approved | R60: Raw Material Supplier | AA60: E224
M61: Dominican Republic | O61: S166 | P61: Ginger Bakers | Q61: Pending Approval | R61: Third Party Supplier/The Newt Branded | AA61: E226
M62: Eastern Europe | O62: S181 | P62: Gingerbread World | Q62: Approved | R62: The Newt Branded | AA62: E227
M63: Ecuador | O63: S124 | P63: Glastonbury Water | Q63: Approved | R63: 3rd Party/newt branded,The Newt Branded,Third Party Supplier/The Newt Branded | AA63: E228
M64: Egypt | O64: S92 | P64: Goat Nutrition | Q64: Approved | R64: Raw Material Supplier | AA64: E234
M65: El Salvador | O65: S79 | P65: Health4All | Q65: Archived | R65: Raw Material Supplier | AA65: E235
M66: Equatorial Guinea | O66: S15 | P66: Hodmedod Ltd | Q66: Approved | R66: Raw Material / Third Party Supplier | AA66: E239
M67: Eritrea | O67: S16 | P67: Hollis Mead Farms | Q67: Delisted | R67: Raw Material / Third Party Supplier | AA67: E242
M68: Estonia | O68: S140 | P68: Honeywell Bakes | Q68: Approved | R68: 3rd Party/newt branded | AA68: E243
M69: Eswatini (Swaziland) | O69: S72 | P69: Hunt's Food Group | Q69: Archived | AA69: E249
M70: Ethiopia | O70: S132 | P70: ILPRA | Q70: Approved | R70: Packaging Supplier | AA70: E250
M71: Falkland Islands | O71: S143 | P71: IN2FOOD | Q71: Approved | R71: Packaging Supplier | AA71: E251
M72: Faroe Islands | O72: S157 | P72: Invopak | Q72: Approved | R72: Packaging Supplier | AA72: E252
M73: Fiji | O73: S58 | P73: Isle Fruits (Somerset) Ltd | Q73: Archived | R73: RM Supplier & The Newt Branded | AA73: E260
M74: Finland | O74: S86 | P74: JKM Foods | Q74: Approved | R74: Raw Material Supplier | AA74: E261
M75: France | O75: S93 | P75: Kilo Chemical Distribution | Q75: Pending Approval | R75: Raw Material Supplier | AA75: E262
M76: French Guiana | O76: S167 | P76: Kingdom Tea Brokers | Q76: Approved | R76: Third Party Supplier/The Newt Branded | AA76: E263
M77: Gabon | O77: S178 | P77: Kitchen Garden Foods | Q77: Approved | R77: Third Party Supplier/The Newt Branded | AA77: E270
M78: Gambia | O78: S122 | P78: Kite Packaging | Q78: Approved | R78: Packaging Supplier | AA78: E280
M79: Georgia | O79: S148 | P79: La Chasse | Q79: Approved | R79: Raw Material Supplier | AA79: E281
M80: Germany | O80: S2 | P80: Longman Cheese Ltd | Q80: Approved | R80: Raw Material / Third Party Supplier | AA80: E282
M81: Ghana | O81: S18 | P81: Lovejoy | Q81: Archived | R81: Raw Material Supplier | AA81: E283
... M116: Kyrgyzstan | O116: S21 | P116: Sandridge Farmhouse Bacon Ltd | Q116: Delisted | R116: Raw Material / Third Party / The Newt Branded | AA116: E341
M117: Laos | O117: S100 | P117: Sarcina | Q117: New | AA117: E343
M118: Latvia | O118: S40 | P118: Scobies | Q118: Approved | R118: Packaging Supplier,Raw Material Supplier | AA118: E350
M119: Lebanon | O119: S23 | P119: Sharpham Park | Q119: Delisted | R119: Raw Material / Third Party Supplier | AA119: E351
M120: Lesotho | O120: S1 | P120: Shipton Mill | Q120: Approved | R120: Raw Material Supplier | AA120: E352
M121: Liberia | O121: S114 | P121: Shortbread House of Edinburgh | Q121: Approved | R121: 3rd Party/newt branded,The Newt Branded,Third Party Supplier/The Newt Branded | AA121: E353
M122: Libya | O122: S182 | P122: Simply Roasted | Q122: Pending Approval | R122: 3rd Party/newt branded | AA122: E354
M123: Liechtenstein | O123: S63 | P123: Sladesdown Farm | Q123: Archived | R123: Raw Material Supplier | AA123: E355
M124: Lithuania | O124: S105 | P124: Snells | Q124: Approved | R124: Raw Material Supplier | AA124: E356
M125: Luxembourg | O125: S144 | P125: Somerset Cider Brandy Company Ltd | Q125: Approved | R125: Raw Material / Third Party Supplier,Raw Material Supplier | AA125: E357
M126: Macedonia | O126: S97 | P126: Somerset Spirit Company | Q126: Approved | R126: RM Supplier & The Newt Branded | AA126: E363
M127: Madagascar | O127: S116 | P127: Stag Bakeries | Q127: Approved | R127: 3rd Party/newt branded,The Newt Branded,Third Party Supplier/The Newt Branded | AA127: E380
M128: Malawi | O128: S22 | P128: Stavordale | Q128: Archived | R128: Raw Material / Third Party Supplier | AA128: E385
M129: Malaysia | O129: S172 | P129: Steenbergs Ltd | Q129: Approved | R129: 3rd Party/newt branded | AA129: E392
M130: Maldives | O130: S104 | P130: Stillmans Slaughterhouse | Q130: Approved | R130: Raw Material Supplier | AA130: E400
M131: Mali | O131: S170 | P131: Swiss Pack | Q131: New | AA131: E401
M132: Malta | O132: S83 | P132: Systempak | Q132: Approved | R132: Packaging Supplier | AA132: E402
M133: Marshall Islands | O133: S8 | P133: The Blackmore Vale Butchery | Q133: Delisted | R133: Raw Material Supplier | AA133: E403
M134: Martinique (French) | O134: S48 | P134: The Cake Decorating Co. | Q134: Approved | R134: Packaging Supplier | AA134: E404
M135: Mauritania | O135: S107 | P135: The Chocolate Society | Q135: Approved | R135: The Newt Branded,Third Party Supplier/The Newt Branded | AA135: E405
...

Sheet IngClaims
A1: Code | B1: Description | C1: Custom Field Key Name | D1: Custom Field Section | E1: Custom Field Description | F1: Custom Field Type | G1: Custom Field Default Value | H1: Custom Field Value
A2: NPD-I10748 | B2: =IFERROR(VLOOKUP(A2,Ingredients!A:B,2,0), "") | C2: FiveadayClass | D2: =IFERROR(VLOOKUP(C2,'IngClaims-Reference'!A:E,2,0), "No matching custom field definition") | E2: =IFERROR(VLOOKUP(C2,'IngClaims-Reference'!A:E,3,0), "No matching custom field definition") | F2: =IFERROR(VLOOKUP(C2,'IngClaims-Reference'!A:E,4,0), "No matching custom field definition") | G2: =IFERROR(IF(LEN(VLOOKUP(C2,'IngClaims-Reference'!A:E,5,0)) = 0, "", VLOOKUP(C2,'IngClaims-Reference'!A:E,5,0)), "No matching custom field definition")
A3: NPD-I10748 | B3: =IFERROR(VLOOKUP(A3,Ingredients!A:B,2,0), "") | C3: FiveADayPortionOverride | D3: =IFERROR(VLOOKUP(C3,'IngClaims-Reference'!A:E,2,0), "No matching custom field definition") | E3: =IFERROR(VLOOKUP(C3,'IngClaims-Reference'!A:E,3,0), "No matching custom field definition") | F3: =IFERROR(VLOOKUP(C3,'IngClaims-Reference'!A:E,4,0), "No matching custom field definition") | G3: =IFERROR(IF(LEN(VLOOKUP(C3,'IngClaims-Reference'!A:E,5,0)) = 0, "", VLOOKUP(C3,'IngClaims-Reference'!A:E,5,0)), "No matching custom field definition")
A4: NPD-I10748 | B4: =IFERROR(VLOOKUP(A4,Ingredients!A:B,2,0), "") | C4: FiveADayPortionContributionPerc | D4: =IFERROR(VLOOKUP(C4,'IngClaims-Reference'!A:E,2,0), "No matching custom field definition") | E4: =IFERROR(VLOOKUP(C4,'IngClaims-Reference'!A:E,3,0), "No matching custom field definition") | F4: =IFERROR(VLOOKUP(C4,'IngClaims-Reference'!A:E,4,0), "No matching custom field definition") | G4: =IFERROR(IF(LEN(VLOOKUP(C4,'IngClaims-Reference'!A:E,5,0)) = 0, "", VLOOKUP(C4,'IngClaims-Reference'!A:E,5,0)), "No matching custom field definition") | H4: 100
A5: NPD-I10748 | B5: =IFERROR(VLOOKUP(A5,Ingredients!A:B,2,0), "") | C5: VegansSuitable | D5: =IFERROR(VLOOKUP(C5,'IngClaims-Reference'!A:E,2,0), "No matching custom field definition") | E5: =IFERROR(VLOOKUP(C5,'IngClaims-Reference'!A:E,3,0), "No matching custom field definition") | F5: =IFERROR(VLOOKUP(C5,'IngClaims-Reference'!A:E,4,0), "No matching custom field definition") | G5: =IFERROR(IF(LEN(VLOOKUP(C5,'IngClaims-Reference'!A:E,5,0)) = 0, "", VLOOKUP(C5,'IngClaims-Reference'!A:E,5,0)), "No matching custom field definition") | H5: Yes
A6: NPD-I10748 | B6: =IFERROR(VLOOKUP(A6,Ingredients!A:B,2,0), "") | C6: VegetariansSuitable | D6: =IFERROR(VLOOKUP(C6,'IngClaims-Reference'!A:E,2,0), "No matching custom field definition") | E6: =IFERROR(VLOOKUP(C6,'IngClaims-Reference'!A:E,3,0), "No matching custom field definition") | F6: =IFERROR(VLOOKUP(C6,'IngClaims-Reference'!A:E,4,0), "No matching custom field definition") | G6: =IFERROR(IF(LEN(VLOOKUP(C6,'IngClaims-Reference'!A:E,5,0)) = 0, "", VLOOKUP(C6,'IngClaims-Reference'!A:E,5,0)), "No matching custom field definition") | H6: Yes
A7: NPD-I10748 | B7: =IFERROR(VLOOKUP(A7,Ingredients!A:B,2,0), "") | C7: OvoVegetariansSuitable | D7: =IFERROR(VLOOKUP(C7,'IngClaims-Reference'!A:E,2,0), "No matching custom field definition") | E7: =IFERROR(VLOOKUP(C7,'IngClaims-Reference'!A:E,3,0), "No matching custom field definition") | F7: =IFERROR(VLOOKUP(C7,'IngClaims-Reference'!A:E,4,0), "No matching custom field definition") | G7: =IFERROR(IF(LEN(VLOOKUP(C7,'IngClaims-Reference'!A:E,5,0)) = 0, "", VLOOKUP(C7,'IngClaims-Reference'!A:E,5,0)), "No matching custom field definition") | H7: Yes
A8: NPD-I10748 | B8: =IFERROR(VLOOKUP(A8,Ingredients!A:B,2,0), "") | C8: HFSSDriedFVNPercOverride | D8: =IFERROR(VLOOKUP(C8,'IngClaims-Reference'!A:E,2,0), "No matching custom field definition") | E8: =IFERROR(VLOOKUP(C8,'IngClaims-Reference'!A:E,3,0), "No matching custom field definition") | F8: =IFERROR(VLOOKUP(C8,'IngClaims-Reference'!A:E,4,0), "No matching custom field definition") | G8: =IFERROR(IF(LEN(VLOOKUP(C8,'IngClaims-Reference'!A:E,5,0)) = 0, "", VLOOKUP(C8,'IngClaims-Reference'!A:E,5,0)), "No matching custom field definition")
A9: NPD-I10748 | B9: =IFERROR(VLOOKUP(A9,Ingredients!A:B,2,0), "") | C9: HFSSFVNPercOverride | D9: =IFERROR(VLOOKUP(C9,'IngClaims-Reference'!A:E,2,0), "No matching custom field definition") | E9: =IFERROR(VLOOKUP(C9,'IngClaims-Reference'!A:E,3,0), "No matching custom field definition") | F9: =IFERROR(VLOOKUP(C9,'IngClaims-Reference'!A:E,4,0), "No matching custom field definition") | G9: =IFERROR(IF(LEN(VLOOKUP(C9,'IngClaims-Reference'!A:E,5,0)) = 0, "", VLOOKUP(C9,'IngClaims-Reference'!A:E,5,0)), "No matching custom field definition")
A10: NPD-I10748 | B10: =IFERROR(VLOOKUP(A10,Ingredients!A:B,2,0), "") | C10: ContainsPalmOil | D10: =IFERROR(VLOOKUP(C10,'IngClaims-Reference'!A:E,2,0), "No matching custom field definition") | E10: =IFERROR(VLOOKUP(C10,'IngClaims-Reference'!A:E,3,0), "No matching custom field definition") | F10: =IFERROR(VLOOKUP(C10,'IngClaims-Reference'!A:E,4,0), "No matching custom field definition") | G10: =IFERROR(IF(LEN(VLOOKUP(C10,'IngClaims-Reference'!A:E,5,0)) = 0, "", VLOOKUP(C10,'IngClaims-Reference'!A:E,5,0)), "No matching custom field definition") | H10: No
A11: NPD-I10748 | B11: =IFERROR(VLOOKUP(A11,Ingredients!A:B,2,0), "") | C11: ContainsCocoa | D11: =IFERROR(VLOOKUP(C11,'IngClaims-Reference'!A:E,2,0), "No matching custom field definition") | E11: =IFERROR(VLOOKUP(C11,'IngClaims-Reference'!A:E,3,0), "No matching custom field definition") | F11: =IFERROR(VLOOKUP(C11,'IngClaims-Reference'!A:E,4,0), "No matching custom field definition") | G11: =IFERROR(IF(LEN(VLOOKUP(C11,'IngClaims-Reference'!A:E,5,0)) = 0, "", VLOOKUP(C11,'IngClaims-Reference'!A:E,5,0)), "No matching custom field definition") | H11: No
A12: NPD-I10748 | B12: =IFERROR(VLOOKUP(A12,Ingredients!A:B,2,0), "") | C12: ContainsCoffee | D12: =IFERROR(VLOOKUP(C12,'IngClaims-Reference'!A:E,2,0), "No matching custom field definition") | E12: =IFERROR(VLOOKUP(C12,'IngClaims-Reference'!A:E,3,0), "No matching custom field definition") | F12: =IFERROR(VLOOKUP(C12,'IngClaims-Reference'!A:E,4,0), "No matching custom field definition") | G12: =IFERROR(IF(LEN(VLOOKUP(C12,'IngClaims-Reference'!A:E,5,0)) = 0, "", VLOOKUP(C12,'IngClaims-Reference'!A:E,5,0)), "No matching custom field definition") | H12: No
A13: NPD-I10748 | B13: =IFERROR(VLOOKUP(A13,Ingredients!A:B,2,0), "") | C13: ContainsSoya | D13: =IFERROR(VLOOKUP(C13,'IngClaims-Reference'!A:E,2,0), "No matching custom field definition") | E13: =IFERROR(VLOOKUP(C13,'IngClaims-Reference'!A:E,3,0), "No matching custom field definition") | F13: =IFERROR(VLOOKUP(C13,'IngClaims-Reference'!A:E,4,0), "No matching custom field definition") | G13: =IFERROR(IF(LEN(VLOOKUP(C13,'IngClaims-Reference'!A:E,5,0)) = 0, "", VLOOKUP(C13,'IngClaims-Reference'!A:E,5,0)), "No matching custom field definition") | H13: No
A14: NPD-I10748 | B14: =IFERROR(VLOOKUP(A14,Ingredients!A:B,2,0), "") | C14: CargillPromiseUncertifiedOption | D14: =IFERROR(VLOOKUP(C14,'IngClaims-Reference'!A:E,2,0), "No matching custom field definition") | E14: =IFERROR(VLOOKUP(C14,'IngClaims-Reference'!A:E,3,0), "No matching custom field definition") | F14: =IFERROR(VLOOKUP(C14,'IngClaims-Reference'!A:E,4,0), "No matching custom field definition") | G14: =IFERROR(IF(LEN(VLOOKUP(C14,'IngClaims-Reference'!A:E,5,0)) = 0, "", VLOOKUP(C14,'IngClaims-Reference'!A:E,5,0)), "No matching custom field definition")
A15: NPD-I10748 | B15: =IFERROR(VLOOKUP(A15,Ingredients!A:B,2,0), "") | C15: CargillPromiseMassBalanceOption | D15: =IFERROR(VLOOKUP(C15,'IngClaims-Reference'!A:E,2,0), "No matching custom field definition") | E15: =IFERROR(VLOOKUP(C15,'IngClaims-Reference'!A:E,3,0), "No matching custom field definition") | F15: =IFERROR(VLOOKUP(C15,'IngClaims-Reference'!A:E,4,0), "No matching custom field definition") | G15: =IFERROR(IF(LEN(VLOOKUP(C15,'IngClaims-Reference'!A:E,5,0)) = 0, "", VLOOKUP(C15,'IngClaims-Reference'!A:E,5,0)), "No matching custom field definition")
A16: NPD-I10748 | B16: =IFERROR(VLOOKUP(A16,Ingredients!A:B,2,0), "") | C16: CargillPromiseFactoryMassBalanceOption | D16: =IFERROR(VLOOKUP(C16,'IngClaims-Reference'!A:E,2,0), "No matching custom field definition") | E16: =IFERROR(VLOOKUP(C16,'IngClaims-Reference'!A:E,3,0), "No matching custom field definition") | F16: =IFERROR(VLOOKUP(C16,'IngClaims-Reference'!A:E,4,0), "No matching custom field definition") | G16: =IFERROR(IF(LEN(VLOOKUP(C16,'IngClaims-Reference'!A:E,5,0)) = 0, "", VLOOKUP(C16,'IngClaims-Reference'!A:E,5,0)), "No matching custom field definition")
A17: NPD-I10748 | B17: =IFERROR(VLOOKUP(A17,Ingredients!A:B,2,0), "") | C17: CargillPromiseTraceableOption | D17: =IFERROR(VLOOKUP(C17,'IngClaims-Reference'!A:E,2,0), "No matching custom field definition") | E17: =IFERROR(VLOOKUP(C17,'IngClaims-Reference'!A:E,3,0), "No matching custom field definition") | F17: =IFERROR(VLOOKUP(C17,'IngClaims-Reference'!A:E,4,0), "No matching custom field definition") | G17: =IFERROR(IF(LEN(VLOOKUP(C17,'IngClaims-Reference'!A:E,5,0)) = 0, "", VLOOKUP(C17,'IngClaims-Reference'!A:E,5,0)), "No matching custom field definition")
A18: NPD-I10748 | B18: =IFERROR(VLOOKUP(A18,Ingredients!A:B,2,0), "") | C18: HorizonsUncertifiedOption | D18: =IFERROR(VLOOKUP(C18,'IngClaims-Reference'!A:E,2,0), "No matching custom field definition") | E18: =IFERROR(VLOOKUP(C18,'IngClaims-Reference'!A:E,3,0), "No matching custom field definition") | F18: =IFERROR(VLOOKUP(C18,'IngClaims-Reference'!A:E,4,0), "No matching custom field definition") | G18: =IFERROR(IF(LEN(VLOOKUP(C18,'IngClaims-Reference'!A:E,5,0)) = 0, "", VLOOKUP(C18,'IngClaims-Reference'!A:E,5,0)), "No matching custom field definition")
A19: NPD-I10748 | B19: =IFERROR(VLOOKUP(A19,Ingredients!A:B,2,0), "") | C19: HorizonsMassBalanceOption | D19: =IFERROR(VLOOKUP(C19,'IngClaims-Reference'!A:E,2,0), "No matching custom field definition") | E19: =IFERROR(VLOOKUP(C19,'IngClaims-Reference'!A:E,3,0), "No matching custom field definition") | F19: =IFERROR(VLOOKUP(C19,'IngClaims-Reference'!A:E,4,0), "No matching custom field definition") | G19: =IFERROR(IF(LEN(VLOOKUP(C19,'IngClaims-Reference'!A:E,5,0)) = 0, "", VLOOKUP(C19,'IngClaims-Reference'!A:E,5,0)), "No matching custom field definition")
A20: NPD-I10748 | B20: =IFERROR(VLOOKUP(A20,Ingredients!A:B,2,0), "") | C20: HorizonsSegregatedOption | D20: =IFERROR(VLOOKUP(C20,'IngClaims-Reference'!A:E,2,0), "No matching custom field definition") | E20: =IFERROR(VLOOKUP(C20,'IngClaims-Reference'!A:E,3,0), "No matching custom field definition") | F20: =IFERROR(VLOOKUP(C20,'IngClaims-Reference'!A:E,4,0), "No matching custom field definition") | G20: =IFERROR(IF(LEN(VLOOKUP(C20,'IngClaims-Reference'!A:E,5,0)) = 0, "", VLOOKUP(C20,'IngClaims-Reference'!A:E,5,0)), "No matching custom field definition")
A21: NPD-I10748 | B21: =IFERROR(VLOOKUP(A21,Ingredients!A:B,2,0), "") | C21: FairtradeUncertifiedOption | D21: =IFERROR(VLOOKUP(C21,'IngClaims-Reference'!A:E,2,0), "No matching custom field definition") | E21: =IFERROR(VLOOKUP(C21,'IngClaims-Reference'!A:E,3,0), "No matching custom field definition") | F21: =IFERROR(VLOOKUP(C21,'IngClaims-Reference'!A:E,4,0), "No matching custom field definition") | G21: =IFERROR(IF(LEN(VLOOKUP(C21,'IngClaims-Reference'!A:E,5,0)) = 0, "", VLOOKUP(C21,'IngClaims-Reference'!A:E,5,0)), "No matching custom field definition")
A22: NPD-I10748 | B22: =IFERROR(VLOOKUP(A22,Ingredients!A:B,2,0), "") | C22: FairtradeMassBalanceOption | D22: =IFERROR(VLOOKUP(C22,'IngClaims-Reference'!A:E,2,0), "No matching custom field definition") | E22: =IFERROR(VLOOKUP(C22,'IngClaims-Reference'!A:E,3,0), "No matching custom field definition") | F22: =IFERROR(VLOOKUP(C22,'IngClaims-Reference'!A:E,4,0), "No matching custom field definition") | G22: =IFERROR(IF(LEN(VLOOKUP(C22,'IngClaims-Reference'!A:E,5,0)) = 0, "", VLOOKUP(C22,'IngClaims-Reference'!A:E,5,0)), "No matching custom field definition")
A23: NPD-I10748 | B23: =IFERROR(VLOOKUP(A23,Ingredients!A:B,2,0), "") | C23: FairtradeSegregatedOption | D23: =IFERROR(VLOOKUP(C23,'IngClaims-Reference'!A:E,2,0), "No matching custom field definition") | E23: =IFERROR(VLOOKUP(C23,'IngClaims-Reference'!A:E,3,0), "No matching custom field definition") | F23: =IFERROR(VLOOKUP(C23,'IngClaims-Reference'!A:E,4,0), "No matching custom field definition") | G23: =IFERROR(IF(LEN(VLOOKUP(C23,'IngClaims-Reference'!A:E,5,0)) = 0, "", VLOOKUP(C23,'IngClaims-Reference'!A:E,5,0)), "No matching custom field definition")
A24: NPD-I10748 | B24: =IFERROR(VLOOKUP(A24,Ingredients!A:B,2,0), "") | C24: UTZUncertifiedOption | D24: =IFERROR(VLOOKUP(C24,'IngClaims-Reference'!A:E,2,0), "No matching custom field definition") | E24: =IFERROR(VLOOKUP(C24,'IngClaims-Reference'!A:E,3,0), "No matching custom field definition") | F24: =IFERROR(VLOOKUP(C24,'IngClaims-Reference'!A:E,4,0), "No matching custom field definition") | G24: =IFERROR(IF(LEN(VLOOKUP(C24,'IngClaims-Reference'!A:E,5,0)) = 0, "", VLOOKUP(C24,'IngClaims-Reference'!A:E,5,0)), "No matching custom field definition")
A25: NPD-I10748 | B25: =IFERROR(VLOOKUP(A25,Ingredients!A:B,2,0), "") | C25: UTZMassBalanceOption | D25: =IFERROR(VLOOKUP(C25,'IngClaims-Reference'!A:E,2,0), "No matching custom field definition") | E25: =IFERROR(VLOOKUP(C25,'IngClaims-Reference'!A:E,3,0), "No matching custom field definition") | F25: =IFERROR(VLOOKUP(C25,'IngClaims-Reference'!A:E,4,0), "No matching custom field definition") | G25: =IFERROR(IF(LEN(VLOOKUP(C25,'IngClaims-Reference'!A:E,5,0)) = 0, "", VLOOKUP(C25,'IngClaims-Reference'!A:E,5,0)), "No matching custom field definition")
... A82: NPD-I10752 | B82: =IFERROR(VLOOKUP(A82,Ingredients!A:B,2,0), "") | C82: FiveADayPortionOverride | D82: =IFERROR(VLOOKUP(C82,'IngClaims-Reference'!A:E,2,0), "No matching custom field definition") | E82: =IFERROR(VLOOKUP(C82,'IngClaims-Reference'!A:E,3,0), "No matching custom field definition") | F82: =IFERROR(VLOOKUP(C82,'IngClaims-Reference'!A:E,4,0), "No matching custom field definition") | G82: =IFERROR(IF(LEN(VLOOKUP(C82,'IngClaims-Reference'!A:E,5,0)) = 0, "", VLOOKUP(C82,'IngClaims-Reference'!A:E,5,0)), "No matching custom field definition")
A83: NPD-I10752 | B83: =IFERROR(VLOOKUP(A83,Ingredients!A:B,2,0), "") | C83: FiveADayPortionContributionPerc | D83: =IFERROR(VLOOKUP(C83,'IngClaims-Reference'!A:E,2,0), "No matching custom field definition") | E83: =IFERROR(VLOOKUP(C83,'IngClaims-Reference'!A:E,3,0), "No matching custom field definition") | F83: =IFERROR(VLOOKUP(C83,'IngClaims-Reference'!A:E,4,0), "No matching custom field definition") | G83: =IFERROR(IF(LEN(VLOOKUP(C83,'IngClaims-Reference'!A:E,5,0)) = 0, "", VLOOKUP(C83,'IngClaims-Reference'!A:E,5,0)), "No matching custom field definition") | H83: 100
A84: NPD-I10752 | B84: =IFERROR(VLOOKUP(A84,Ingredients!A:B,2,0), "") | C84: VegansSuitable | D84: =IFERROR(VLOOKUP(C84,'IngClaims-Reference'!A:E,2,0), "No matching custom field definition") | E84: =IFERROR(VLOOKUP(C84,'IngClaims-Reference'!A:E,3,0), "No matching custom field definition") | F84: =IFERROR(VLOOKUP(C84,'IngClaims-Reference'!A:E,4,0), "No matching custom field definition") | G84: =IFERROR(IF(LEN(VLOOKUP(C84,'IngClaims-Reference'!A:E,5,0)) = 0, "", VLOOKUP(C84,'IngClaims-Reference'!A:E,5,0)), "No matching custom field definition") | H84: Yes
A85: NPD-I10752 | B85: =IFERROR(VLOOKUP(A85,Ingredients!A:B,2,0), "") | C85: VegetariansSuitable | D85: =IFERROR(VLOOKUP(C85,'IngClaims-Reference'!A:E,2,0), "No matching custom field definition") | E85: =IFERROR(VLOOKUP(C85,'IngClaims-Reference'!A:E,3,0), "No matching custom field definition") | F85: =IFERROR(VLOOKUP(C85,'IngClaims-Reference'!A:E,4,0), "No matching custom field definition") | G85: =IFERROR(IF(LEN(VLOOKUP(C85,'IngClaims-Reference'!A:E,5,0)) = 0, "", VLOOKUP(C85,'IngClaims-Reference'!A:E,5,0)), "No matching custom field definition") | H85: Yes
A86: NPD-I10752 | B86: =IFERROR(VLOOKUP(A86,Ingredients!A:B,2,0), "") | C86: OvoVegetariansSuitable | D86: =IFERROR(VLOOKUP(C86,'IngClaims-Reference'!A:E,2,0), "No matching custom field definition") | E86: =IFERROR(VLOOKUP(C86,'IngClaims-Reference'!A:E,3,0), "No matching custom field definition") | F86: =IFERROR(VLOOKUP(C86,'IngClaims-Reference'!A:E,4,0), "No matching custom field definition") | G86: =IFERROR(IF(LEN(VLOOKUP(C86,'IngClaims-Reference'!A:E,5,0)) = 0, "", VLOOKUP(C86,'IngClaims-Reference'!A:E,5,0)), "No matching custom field definition") | H86: Yes
A87: NPD-I10752 | B87: =IFERROR(VLOOKUP(A87,Ingredients!A:B,2,0), "") | C87: HFSSDriedFVNPercOverride | D87: =IFERROR(VLOOKUP(C87,'IngClaims-Reference'!A:E,2,0), "No matching custom field definition") | E87: =IFERROR(VLOOKUP(C87,'IngClaims-Reference'!A:E,3,0), "No matching custom field definition") | F87: =IFERROR(VLOOKUP(C87,'IngClaims-Reference'!A:E,4,0), "No matching custom field definition") | G87: =IFERROR(IF(LEN(VLOOKUP(C87,'IngClaims-Reference'!A:E,5,0)) = 0, "", VLOOKUP(C87,'IngClaims-Reference'!A:E,5,0)), "No matching custom field definition")
A88: NPD-I10752 | B88: =IFERROR(VLOOKUP(A88,Ingredients!A:B,2,0), "") | C88: HFSSFVNPercOverride | D88: =IFERROR(VLOOKUP(C88,'IngClaims-Reference'!A:E,2,0), "No matching custom field definition") | E88: =IFERROR(VLOOKUP(C88,'IngClaims-Reference'!A:E,3,0), "No matching custom field definition") | F88: =IFERROR(VLOOKUP(C88,'IngClaims-Reference'!A:E,4,0), "No matching custom field definition") | G88: =IFERROR(IF(LEN(VLOOKUP(C88,'IngClaims-Reference'!A:E,5,0)) = 0, "", VLOOKUP(C88,'IngClaims-Reference'!A:E,5,0)), "No matching custom field definition")
A89: NPD-I10752 | B89: =IFERROR(VLOOKUP(A89,Ingredients!A:B,2,0), "") | C89: ContainsPalmOil | D89: =IFERROR(VLOOKUP(C89,'IngClaims-Reference'!A:E,2,0), "No matching custom field definition") | E89: =IFERROR(VLOOKUP(C89,'IngClaims-Reference'!A:E,3,0), "No matching custom field definition") | F89: =IFERROR(VLOOKUP(C89,'IngClaims-Reference'!A:E,4,0), "No matching custom field definition") | G89: =IFERROR(IF(LEN(VLOOKUP(C89,'IngClaims-Reference'!A:E,5,0)) = 0, "", VLOOKUP(C89,'IngClaims-Reference'!A:E,5,0)), "No matching custom field definition") | H89: No
A90: NPD-I10752 | B90: =IFERROR(VLOOKUP(A90,Ingredients!A:B,2,0), "") | C90: ContainsCocoa | D90: =IFERROR(VLOOKUP(C90,'IngClaims-Reference'!A:E,2,0), "No matching custom field definition") | E90: =IFERROR(VLOOKUP(C90,'IngClaims-Reference'!A:E,3,0), "No matching custom field definition") | F90: =IFERROR(VLOOKUP(C90,'IngClaims-Reference'!A:E,4,0), "No matching custom field definition") | G90: =IFERROR(IF(LEN(VLOOKUP(C90,'IngClaims-Reference'!A:E,5,0)) = 0, "", VLOOKUP(C90,'IngClaims-Reference'!A:E,5,0)), "No matching custom field definition") | H90: No
A91: NPD-I10752 | B91: =IFERROR(VLOOKUP(A91,Ingredients!A:B,2,0), "") | C91: ContainsCoffee | D91: =IFERROR(VLOOKUP(C91,'IngClaims-Reference'!A:E,2,0), "No matching custom field definition") | E91: =IFERROR(VLOOKUP(C91,'IngClaims-Reference'!A:E,3,0), "No matching custom field definition") | F91: =IFERROR(VLOOKUP(C91,'IngClaims-Reference'!A:E,4,0), "No matching custom field definition") | G91: =IFERROR(IF(LEN(VLOOKUP(C91,'IngClaims-Reference'!A:E,5,0)) = 0, "", VLOOKUP(C91,'IngClaims-Reference'!A:E,5,0)), "No matching custom field definition") | H91: No
A92: NPD-I10752 | B92: =IFERROR(VLOOKUP(A92,Ingredients!A:B,2,0), "") | C92: ContainsSoya | D92: =IFERROR(VLOOKUP(C92,'IngClaims-Reference'!A:E,2,0), "No matching custom field definition") | E92: =IFERROR(VLOOKUP(C92,'IngClaims-Reference'!A:E,3,0), "No matching custom field definition") | F92: =IFERROR(VLOOKUP(C92,'IngClaims-Reference'!A:E,4,0), "No matching custom field definition") | G92: =IFERROR(IF(LEN(VLOOKUP(C92,'IngClaims-Reference'!A:E,5,0)) = 0, "", VLOOKUP(C92,'IngClaims-Reference'!A:E,5,0)), "No matching custom field definition") | H92: No
A93: NPD-I10752 | B93: =IFERROR(VLOOKUP(A93,Ingredients!A:B,2,0), "") | C93: CargillPromiseUncertifiedOption | D93: =IFERROR(VLOOKUP(C93,'IngClaims-Reference'!A:E,2,0), "No matching custom field definition") | E93: =IFERROR(VLOOKUP(C93,'IngClaims-Reference'!A:E,3,0), "No matching custom field definition") | F93: =IFERROR(VLOOKUP(C93,'IngClaims-Reference'!A:E,4,0), "No matching custom field definition") | G93: =IFERROR(IF(LEN(VLOOKUP(C93,'IngClaims-Reference'!A:E,5,0)) = 0, "", VLOOKUP(C93,'IngClaims-Reference'!A:E,5,0)), "No matching custom field definition")
A94: NPD-I10752 | B94: =IFERROR(VLOOKUP(A94,Ingredients!A:B,2,0), "") | C94: CargillPromiseMassBalanceOption | D94: =IFERROR(VLOOKUP(C94,'IngClaims-Reference'!A:E,2,0), "No matching custom field definition") | E94: =IFERROR(VLOOKUP(C94,'IngClaims-Reference'!A:E,3,0), "No matching custom field definition") | F94: =IFERROR(VLOOKUP(C94,'IngClaims-Reference'!A:E,4,0), "No matching custom field definition") | G94: =IFERROR(IF(LEN(VLOOKUP(C94,'IngClaims-Reference'!A:E,5,0)) = 0, "", VLOOKUP(C94,'IngClaims-Reference'!A:E,5,0)), "No matching custom field definition")
A95: NPD-I10752 | B95: =IFERROR(VLOOKUP(A95,Ingredients!A:B,2,0), "") | C95: CargillPromiseFactoryMassBalanceOption | D95: =IFERROR(VLOOKUP(C95,'IngClaims-Reference'!A:E,2,0), "No matching custom field definition") | E95: =IFERROR(VLOOKUP(C95,'IngClaims-Reference'!A:E,3,0), "No matching custom field definition") | F95: =IFERROR(VLOOKUP(C95,'IngClaims-Reference'!A:E,4,0), "No matching custom field definition") | G95: =IFERROR(IF(LEN(VLOOKUP(C95,'IngClaims-Reference'!A:E,5,0)) = 0, "", VLOOKUP(C95,'IngClaims-Reference'!A:E,5,0)), "No matching custom field definition")
A96: NPD-I10752 | B96: =IFERROR(VLOOKUP(A96,Ingredients!A:B,2,0), "") | C96: CargillPromiseTraceableOption | D96: =IFERROR(VLOOKUP(C96,'IngClaims-Reference'!A:E,2,0), "No matching custom field definition") | E96: =IFERROR(VLOOKUP(C96,'IngClaims-Reference'!A:E,3,0), "No matching custom field definition") | F96: =IFERROR(VLOOKUP(C96,'IngClaims-Reference'!A:E,4,0), "No matching custom field definition") | G96: =IFERROR(IF(LEN(VLOOKUP(C96,'IngClaims-Reference'!A:E,5,0)) = 0, "", VLOOKUP(C96,'IngClaims-Reference'!A:E,5,0)), "No matching custom field definition")
A97: NPD-I10752 | B97: =IFERROR(VLOOKUP(A97,Ingredients!A:B,2,0), "") | C97: HorizonsUncertifiedOption | D97: =IFERROR(VLOOKUP(C97,'IngClaims-Reference'!A:E,2,0), "No matching custom field definition") | E97: =IFERROR(VLOOKUP(C97,'IngClaims-Reference'!A:E,3,0), "No matching custom field definition") | F97: =IFERROR(VLOOKUP(C97,'IngClaims-Reference'!A:E,4,0), "No matching custom field definition") | G97: =IFERROR(IF(LEN(VLOOKUP(C97,'IngClaims-Reference'!A:E,5,0)) = 0, "", VLOOKUP(C97,'IngClaims-Reference'!A:E,5,0)), "No matching custom field definition")
A98: NPD-I10752 | B98: =IFERROR(VLOOKUP(A98,Ingredients!A:B,2,0), "") | C98: HorizonsMassBalanceOption | D98: =IFERROR(VLOOKUP(C98,'IngClaims-Reference'!A:E,2,0), "No matching custom field definition") | E98: =IFERROR(VLOOKUP(C98,'IngClaims-Reference'!A:E,3,0), "No matching custom field definition") | F98: =IFERROR(VLOOKUP(C98,'IngClaims-Reference'!A:E,4,0), "No matching custom field definition") | G98: =IFERROR(IF(LEN(VLOOKUP(C98,'IngClaims-Reference'!A:E,5,0)) = 0, "", VLOOKUP(C98,'IngClaims-Reference'!A:E,5,0)), "No matching custom field definition")
A99: NPD-I10752 | B99: =IFERROR(VLOOKUP(A99,Ingredients!A:B,2,0), "") | C99: HorizonsSegregatedOption | D99: =IFERROR(VLOOKUP(C99,'IngClaims-Reference'!A:E,2,0), "No matching custom field definition") | E99: =IFERROR(VLOOKUP(C99,'IngClaims-Reference'!A:E,3,0), "No matching custom field definition") | F99: =IFERROR(VLOOKUP(C99,'IngClaims-Reference'!A:E,4,0), "No matching custom field definition") | G99: =IFERROR(IF(LEN(VLOOKUP(C99,'IngClaims-Reference'!A:E,5,0)) = 0, "", VLOOKUP(C99,'IngClaims-Reference'!A:E,5,0)), "No matching custom field definition")
A100: NPD-I10752 | B100: =IFERROR(VLOOKUP(A100,Ingredients!A:B,2,0), "") | C100: FairtradeUncertifiedOption | D100: =IFERROR(VLOOKUP(C100,'IngClaims-Reference'!A:E,2,0), "No matching custom field definition") | E100: =IFERROR(VLOOKUP(C100,'IngClaims-Reference'!A:E,3,0), "No matching custom field definition") | F100: =IFERROR(VLOOKUP(C100,'IngClaims-Reference'!A:E,4,0), "No matching custom field definition") | G100: =IFERROR(IF(LEN(VLOOKUP(C100,'IngClaims-Reference'!A:E,5,0)) = 0, "", VLOOKUP(C100,'IngClaims-Reference'!A:E,5,0)), "No matching custom field definition")
A101: NPD-I10752 | B101: =IFERROR(VLOOKUP(A101,Ingredients!A:B,2,0), "") | C101: FairtradeMassBalanceOption | D101: =IFERROR(VLOOKUP(C101,'IngClaims-Reference'!A:E,2,0), "No matching custom field definition") | E101: =IFERROR(VLOOKUP(C101,'IngClaims-Reference'!A:E,3,0), "No matching custom field definition") | F101: =IFERROR(VLOOKUP(C101,'IngClaims-Reference'!A:E,4,0), "No matching custom field definition") | G101: =IFERROR(IF(LEN(VLOOKUP(C101,'IngClaims-Reference'!A:E,5,0)) = 0, "", VLOOKUP(C101,'IngClaims-Reference'!A:E,5,0)), "No matching custom field definition")
A102: NPD-I10752 | B102: =IFERROR(VLOOKUP(A102,Ingredients!A:B,2,0), "") | C102: FairtradeSegregatedOption | D102: =IFERROR(VLOOKUP(C102,'IngClaims-Reference'!A:E,2,0), "No matching custom field definition") | E102: =IFERROR(VLOOKUP(C102,'IngClaims-Reference'!A:E,3,0), "No matching custom field definition") | F102: =IFERROR(VLOOKUP(C102,'IngClaims-Reference'!A:E,4,0), "No matching custom field definition") | G102: =IFERROR(IF(LEN(VLOOKUP(C102,'IngClaims-Reference'!A:E,5,0)) = 0, "", VLOOKUP(C102,'IngClaims-Reference'!A:E,5,0)), "No matching custom field definition")
A103: NPD-I10752 | B103: =IFERROR(VLOOKUP(A103,Ingredients!A:B,2,0), "") | C103: UTZUncertifiedOption | D103: =IFERROR(VLOOKUP(C103,'IngClaims-Reference'!A:E,2,0), "No matching custom field definition") | E103: =IFERROR(VLOOKUP(C103,'IngClaims-Reference'!A:E,3,0), "No matching custom field definition") | F103: =IFERROR(VLOOKUP(C103,'IngClaims-Reference'!A:E,4,0), "No matching custom field definition") | G103: =IFERROR(IF(LEN(VLOOKUP(C103,'IngClaims-Reference'!A:E,5,0)) = 0, "", VLOOKUP(C103,'IngClaims-Reference'!A:E,5,0)), "No matching custom field definition")
A104: NPD-I10752 | B104: =IFERROR(VLOOKUP(A104,Ingredients!A:B,2,0), "") | C104: UTZMassBalanceOption | D104: =IFERROR(VLOOKUP(C104,'IngClaims-Reference'!A:E,2,0), "No matching custom field definition") | E104: =IFERROR(VLOOKUP(C104,'IngClaims-Reference'!A:E,3,0), "No matching custom field definition") | F104: =IFERROR(VLOOKUP(C104,'IngClaims-Reference'!A:E,4,0), "No matching custom field definition") | G104: =IFERROR(IF(LEN(VLOOKUP(C104,'IngClaims-Reference'!A:E,5,0)) = 0, "", VLOOKUP(C104,'IngClaims-Reference'!A:E,5,0)), "No matching custom field definition")
... A155: NPD-I10752 | B155: =IFERROR(VLOOKUP(A155,Ingredients!A:B,2,0), "") | C155: IngSweeteners | D155: =IFERROR(VLOOKUP(C155,'IngClaims-Reference'!A:E,2,0), "No matching custom field definition") | E155: =IFERROR(VLOOKUP(C155,'IngClaims-Reference'!A:E,3,0), "No matching custom field definition") | F155: =IFERROR(VLOOKUP(C155,'IngClaims-Reference'!A:E,4,0), "No matching custom field definition") | G155: =IFERROR(IF(LEN(VLOOKUP(C155,'IngClaims-Reference'!A:E,5,0)) = 0, "", VLOOKUP(C155,'IngClaims-Reference'!A:E,5,0)), "No matching custom field definition")
A156: NPD-I10752 | B156: =IFERROR(VLOOKUP(A156,Ingredients!A:B,2,0), "") | C156: KosherCertified | D156: =IFERROR(VLOOKUP(C156,'IngClaims-Reference'!A:E,2,0), "No matching custom field definition") | E156: =IFERROR(VLOOKUP(C156,'IngClaims-Reference'!A:E,3,0), "No matching custom field definition") | F156: =IFERROR(VLOOKUP(C156,'IngClaims-Reference'!A:E,4,0), "No matching custom field definition") | G156: =IFERROR(IF(LEN(VLOOKUP(C156,'IngClaims-Reference'!A:E,5,0)) = 0, "", VLOOKUP(C156,'IngClaims-Reference'!A:E,5,0)), "No matching custom field definition") | H156: Suitable
A157: NPD-I10752 | B157: =IFERROR(VLOOKUP(A157,Ingredients!A:B,2,0), "") | C157: HalalCertified | D157: =IFERROR(VLOOKUP(C157,'IngClaims-Reference'!A:E,2,0), "No matching custom field definition") | E157: =IFERROR(VLOOKUP(C157,'IngClaims-Reference'!A:E,3,0), "No matching custom field definition") | F157: =IFERROR(VLOOKUP(C157,'IngClaims-Reference'!A:E,4,0), "No matching custom field definition") | G157: =IFERROR(IF(LEN(VLOOKUP(C157,'IngClaims-Reference'!A:E,5,0)) = 0, "", VLOOKUP(C157,'IngClaims-Reference'!A:E,5,0)), "No matching custom field definition") | H157: Suitable
A158: NPD-I10752 | B158: =IFERROR(VLOOKUP(A158,Ingredients!A:B,2,0), "") | C158: OrganicCertified | D158: =IFERROR(VLOOKUP(C158,'IngClaims-Reference'!A:E,2,0), "No matching custom field definition") | E158: =IFERROR(VLOOKUP(C158,'IngClaims-Reference'!A:E,3,0), "No matching custom field definition") | F158: =IFERROR(VLOOKUP(C158,'IngClaims-Reference'!A:E,4,0), "No matching custom field definition") | G158: =IFERROR(IF(LEN(VLOOKUP(C158,'IngClaims-Reference'!A:E,5,0)) = 0, "", VLOOKUP(C158,'IngClaims-Reference'!A:E,5,0)), "No matching custom field definition") | H158: Unsuitable
A159: NPD-I10752 | B159: =IFERROR(VLOOKUP(A159,Ingredients!A:B,2,0), "") | C159: RedTractorCertified | D159: =IFERROR(VLOOKUP(C159,'IngClaims-Reference'!A:E,2,0), "No matching custom field definition") | E159: =IFERROR(VLOOKUP(C159,'IngClaims-Reference'!A:E,3,0), "No matching custom field definition") | F159: =IFERROR(VLOOKUP(C159,'IngClaims-Reference'!A:E,4,0), "No matching custom field definition") | G159: =IFERROR(IF(LEN(VLOOKUP(C159,'IngClaims-Reference'!A:E,5,0)) = 0, "", VLOOKUP(C159,'IngClaims-Reference'!A:E,5,0)), "No matching custom field definition") | H159: No
A160: NPD-I10753 | B160: =IFERROR(VLOOKUP(A160,Ingredients!A:B,2,0), "") | C160: FiveadayClass | D160: =IFERROR(VLOOKUP(C160,'IngClaims-Reference'!A:E,2,0), "No matching custom field definition") | E160: =IFERROR(VLOOKUP(C160,'IngClaims-Reference'!A:E,3,0), "No matching custom field definition") | F160: =IFERROR(VLOOKUP(C160,'IngClaims-Reference'!A:E,4,0), "No matching custom field definition") | G160: =IFERROR(IF(LEN(VLOOKUP(C160,'IngClaims-Reference'!A:E,5,0)) = 0, "", VLOOKUP(C160,'IngClaims-Reference'!A:E,5,0)), "No matching custom field definition")
A161: NPD-I10753 | B161: =IFERROR(VLOOKUP(A161,Ingredients!A:B,2,0), "") | C161: FiveADayPortionOverride | D161: =IFERROR(VLOOKUP(C161,'IngClaims-Reference'!A:E,2,0), "No matching custom field definition") | E161: =IFERROR(VLOOKUP(C161,'IngClaims-Reference'!A:E,3,0), "No matching custom field definition") | F161: =IFERROR(VLOOKUP(C161,'IngClaims-Reference'!A:E,4,0), "No matching custom field definition") | G161: =IFERROR(IF(LEN(VLOOKUP(C161,'IngClaims-Reference'!A:E,5,0)) = 0, "", VLOOKUP(C161,'IngClaims-Reference'!A:E,5,0)), "No matching custom field definition")
A162: NPD-I10753 | B162: =IFERROR(VLOOKUP(A162,Ingredients!A:B,2,0), "") | C162: FiveADayPortionContributionPerc | D162: =IFERROR(VLOOKUP(C162,'IngClaims-Reference'!A:E,2,0), "No matching custom field definition") | E162: =IFERROR(VLOOKUP(C162,'IngClaims-Reference'!A:E,3,0), "No matching custom field definition") | F162: =IFERROR(VLOOKUP(C162,'IngClaims-Reference'!A:E,4,0), "No matching custom field definition") | G162: =IFERROR(IF(LEN(VLOOKUP(C162,'IngClaims-Reference'!A:E,5,0)) = 0, "", VLOOKUP(C162,'IngClaims-Reference'!A:E,5,0)), "No matching custom field definition") | H162: 100
A163: NPD-I10753 | B163: =IFERROR(VLOOKUP(A163,Ingredients!A:B,2,0), "") | C163: VegansSuitable | D163: =IFERROR(VLOOKUP(C163,'IngClaims-Reference'!A:E,2,0), "No matching custom field definition") | E163: =IFERROR(VLOOKUP(C163,'IngClaims-Reference'!A:E,3,0), "No matching custom field definition") | F163: =IFERROR(VLOOKUP(C163,'IngClaims-Reference'!A:E,4,0), "No matching custom field definition") | G163: =IFERROR(IF(LEN(VLOOKUP(C163,'IngClaims-Reference'!A:E,5,0)) = 0, "", VLOOKUP(C163,'IngClaims-Reference'!A:E,5,0)), "No matching custom field definition") | H163: Yes
A164: NPD-I10753 | B164: =IFERROR(VLOOKUP(A164,Ingredients!A:B,2,0), "") | C164: VegetariansSuitable | D164: =IFERROR(VLOOKUP(C164,'IngClaims-Reference'!A:E,2,0), "No matching custom field definition") | E164: =IFERROR(VLOOKUP(C164,'IngClaims-Reference'!A:E,3,0), "No matching custom field definition") | F164: =IFERROR(VLOOKUP(C164,'IngClaims-Reference'!A:E,4,0), "No matching custom field definition") | G164: =IFERROR(IF(LEN(VLOOKUP(C164,'IngClaims-Reference'!A:E,5,0)) = 0, "", VLOOKUP(C164,'IngClaims-Reference'!A:E,5,0)), "No matching custom field definition") | H164: Yes
A165: NPD-I10753 | B165: =IFERROR(VLOOKUP(A165,Ingredients!A:B,2,0), "") | C165: OvoVegetariansSuitable | D165: =IFERROR(VLOOKUP(C165,'IngClaims-Reference'!A:E,2,0), "No matching custom field definition") | E165: =IFERROR(VLOOKUP(C165,'IngClaims-Reference'!A:E,3,0), "No matching custom field definition") | F165: =IFERROR(VLOOKUP(C165,'IngClaims-Reference'!A:E,4,0), "No matching custom field definition") | G165: =IFERROR(IF(LEN(VLOOKUP(C165,'IngClaims-Reference'!A:E,5,0)) = 0, "", VLOOKUP(C165,'IngClaims-Reference'!A:E,5,0)), "No matching custom field definition") | H165: Yes
A166: NPD-I10753 | B166: =IFERROR(VLOOKUP(A166,Ingredients!A:B,2,0), "") | C166: HFSSDriedFVNPercOverride | D166: =IFERROR(VLOOKUP(C166,'IngClaims-Reference'!A:E,2,0), "No matching custom field definition") | E166: =IFERROR(VLOOKUP(C166,'IngClaims-Reference'!A:E,3,0), "No matching custom field definition") | F166: =IFERROR(VLOOKUP(C166,'IngClaims-Reference'!A:E,4,0), "No matching custom field definition") | G166: =IFERROR(IF(LEN(VLOOKUP(C166,'IngClaims-Reference'!A:E,5,0)) = 0, "", VLOOKUP(C166,'IngClaims-Reference'!A:E,5,0)), "No matching custom field definition")
A167: NPD-I10753 | B167: =IFERROR(VLOOKUP(A167,Ingredients!A:B,2,0), "") | C167: HFSSFVNPercOverride | D167: =IFERROR(VLOOKUP(C167,'IngClaims-Reference'!A:E,2,0), "No matching custom field definition") | E167: =IFERROR(VLOOKUP(C167,'IngClaims-Reference'!A:E,3,0), "No matching custom field definition") | F167: =IFERROR(VLOOKUP(C167,'IngClaims-Reference'!A:E,4,0), "No matching custom field definition") | G167: =IFERROR(IF(LEN(VLOOKUP(C167,'IngClaims-Reference'!A:E,5,0)) = 0, "", VLOOKUP(C167,'IngClaims-Reference'!A:E,5,0)), "No matching custom field definition")
A168: NPD-I10753 | B168: =IFERROR(VLOOKUP(A168,Ingredients!A:B,2,0), "") | C168: ContainsPalmOil | D168: =IFERROR(VLOOKUP(C168,'IngClaims-Reference'!A:E,2,0), "No matching custom field definition") | E168: =IFERROR(VLOOKUP(C168,'IngClaims-Reference'!A:E,3,0), "No matching custom field definition") | F168: =IFERROR(VLOOKUP(C168,'IngClaims-Reference'!A:E,4,0), "No matching custom field definition") | G168: =IFERROR(IF(LEN(VLOOKUP(C168,'IngClaims-Reference'!A:E,5,0)) = 0, "", VLOOKUP(C168,'IngClaims-Reference'!A:E,5,0)), "No matching custom field definition") | H168: No
A169: NPD-I10753 | B169: =IFERROR(VLOOKUP(A169,Ingredients!A:B,2,0), "") | C169: ContainsCocoa | D169: =IFERROR(VLOOKUP(C169,'IngClaims-Reference'!A:E,2,0), "No matching custom field definition") | E169: =IFERROR(VLOOKUP(C169,'IngClaims-Reference'!A:E,3,0), "No matching custom field definition") | F169: =IFERROR(VLOOKUP(C169,'IngClaims-Reference'!A:E,4,0), "No matching custom field definition") | G169: =IFERROR(IF(LEN(VLOOKUP(C169,'IngClaims-Reference'!A:E,5,0)) = 0, "", VLOOKUP(C169,'IngClaims-Reference'!A:E,5,0)), "No matching custom field definition") | H169: No
A170: NPD-I10753 | B170: =IFERROR(VLOOKUP(A170,Ingredients!A:B,2,0), "") | C170: ContainsCoffee | D170: =IFERROR(VLOOKUP(C170,'IngClaims-Reference'!A:E,2,0), "No matching custom field definition") | E170: =IFERROR(VLOOKUP(C170,'IngClaims-Reference'!A:E,3,0), "No matching custom field definition") | F170: =IFERROR(VLOOKUP(C170,'IngClaims-Reference'!A:E,4,0), "No matching custom field definition") | G170: =IFERROR(IF(LEN(VLOOKUP(C170,'IngClaims-Reference'!A:E,5,0)) = 0, "", VLOOKUP(C170,'IngClaims-Reference'!A:E,5,0)), "No matching custom field definition") | H170: No
A171: NPD-I10753 | B171: =IFERROR(VLOOKUP(A171,Ingredients!A:B,2,0), "") | C171: ContainsSoya | D171: =IFERROR(VLOOKUP(C171,'IngClaims-Reference'!A:E,2,0), "No matching custom field definition") | E171: =IFERROR(VLOOKUP(C171,'IngClaims-Reference'!A:E,3,0), "No matching custom field definition") | F171: =IFERROR(VLOOKUP(C171,'IngClaims-Reference'!A:E,4,0), "No matching custom field definition") | G171: =IFERROR(IF(LEN(VLOOKUP(C171,'IngClaims-Reference'!A:E,5,0)) = 0, "", VLOOKUP(C171,'IngClaims-Reference'!A:E,5,0)), "No matching custom field definition") | H171: No
A172: NPD-I10753 | B172: =IFERROR(VLOOKUP(A172,Ingredients!A:B,2,0), "") | C172: CargillPromiseUncertifiedOption | D172: =IFERROR(VLOOKUP(C172,'IngClaims-Reference'!A:E,2,0), "No matching custom field definition") | E172: =IFERROR(VLOOKUP(C172,'IngClaims-Reference'!A:E,3,0), "No matching custom field definition") | F172: =IFERROR(VLOOKUP(C172,'IngClaims-Reference'!A:E,4,0), "No matching custom field definition") | G172: =IFERROR(IF(LEN(VLOOKUP(C172,'IngClaims-Reference'!A:E,5,0)) = 0, "", VLOOKUP(C172,'IngClaims-Reference'!A:E,5,0)), "No matching custom field definition")
A173: NPD-I10753 | B173: =IFERROR(VLOOKUP(A173,Ingredients!A:B,2,0), "") | C173: CargillPromiseMassBalanceOption | D173: =IFERROR(VLOOKUP(C173,'IngClaims-Reference'!A:E,2,0), "No matching custom field definition") | E173: =IFERROR(VLOOKUP(C173,'IngClaims-Reference'!A:E,3,0), "No matching custom field definition") | F173: =IFERROR(VLOOKUP(C173,'IngClaims-Reference'!A:E,4,0), "No matching custom field definition") | G173: =IFERROR(IF(LEN(VLOOKUP(C173,'IngClaims-Reference'!A:E,5,0)) = 0, "", VLOOKUP(C173,'IngClaims-Reference'!A:E,5,0)), "No matching custom field definition")
A174: NPD-I10753 | B174: =IFERROR(VLOOKUP(A174,Ingredients!A:B,2,0), "") | C174: CargillPromiseFactoryMassBalanceOption | D174: =IFERROR(VLOOKUP(C174,'IngClaims-Reference'!A:E,2,0), "No matching custom field definition") | E174: =IFERROR(VLOOKUP(C174,'IngClaims-Reference'!A:E,3,0), "No matching custom field definition") | F174: =IFERROR(VLOOKUP(C174,'IngClaims-Reference'!A:E,4,0), "No matching custom field definition") | G174: =IFERROR(IF(LEN(VLOOKUP(C174,'IngClaims-Reference'!A:E,5,0)) = 0, "", VLOOKUP(C174,'IngClaims-Reference'!A:E,5,0)), "No matching custom field definition")
A175: NPD-I10753 | B175: =IFERROR(VLOOKUP(A175,Ingredients!A:B,2,0), "") | C175: CargillPromiseTraceableOption | D175: =IFERROR(VLOOKUP(C175,'IngClaims-Reference'!A:E,2,0), "No matching custom field definition") | E175: =IFERROR(VLOOKUP(C175,'IngClaims-Reference'!A:E,3,0), "No matching custom field definition") | F175: =IFERROR(VLOOKUP(C175,'IngClaims-Reference'!A:E,4,0), "No matching custom field definition") | G175: =IFERROR(IF(LEN(VLOOKUP(C175,'IngClaims-Reference'!A:E,5,0)) = 0, "", VLOOKUP(C175,'IngClaims-Reference'!A:E,5,0)), "No matching custom field definition")
A176: NPD-I10753 | B176: =IFERROR(VLOOKUP(A176,Ingredients!A:B,2,0), "") | C176: HorizonsUncertifiedOption | D176: =IFERROR(VLOOKUP(C176,'IngClaims-Reference'!A:E,2,0), "No matching custom field definition") | E176: =IFERROR(VLOOKUP(C176,'IngClaims-Reference'!A:E,3,0), "No matching custom field definition") | F176: =IFERROR(VLOOKUP(C176,'IngClaims-Reference'!A:E,4,0), "No matching custom field definition") | G176: =IFERROR(IF(LEN(VLOOKUP(C176,'IngClaims-Reference'!A:E,5,0)) = 0, "", VLOOKUP(C176,'IngClaims-Reference'!A:E,5,0)), "No matching custom field definition")
A177: NPD-I10753 | B177: =IFERROR(VLOOKUP(A177,Ingredients!A:B,2,0), "") | C177: HorizonsMassBalanceOption | D177: =IFERROR(VLOOKUP(C177,'IngClaims-Reference'!A:E,2,0), "No matching custom field definition") | E177: =IFERROR(VLOOKUP(C177,'IngClaims-Reference'!A:E,3,0), "No matching custom field definition") | F177: =IFERROR(VLOOKUP(C177,'IngClaims-Reference'!A:E,4,0), "No matching custom field definition") | G177: =IFERROR(IF(LEN(VLOOKUP(C177,'IngClaims-Reference'!A:E,5,0)) = 0, "", VLOOKUP(C177,'IngClaims-Reference'!A:E,5,0)), "No matching custom field definition")
A178: NPD-I10753 | B178: =IFERROR(VLOOKUP(A178,Ingredients!A:B,2,0), "") | C178: HorizonsSegregatedOption | D178: =IFERROR(VLOOKUP(C178,'IngClaims-Reference'!A:E,2,0), "No matching custom field definition") | E178: =IFERROR(VLOOKUP(C178,'IngClaims-Reference'!A:E,3,0), "No matching custom field definition") | F178: =IFERROR(VLOOKUP(C178,'IngClaims-Reference'!A:E,4,0), "No matching custom field definition") | G178: =IFERROR(IF(LEN(VLOOKUP(C178,'IngClaims-Reference'!A:E,5,0)) = 0, "", VLOOKUP(C178,'IngClaims-Reference'!A:E,5,0)), "No matching custom field definition")
A179: NPD-I10753 | B179: =IFERROR(VLOOKUP(A179,Ingredients!A:B,2,0), "") | C179: FairtradeUncertifiedOption | D179: =IFERROR(VLOOKUP(C179,'IngClaims-Reference'!A:E,2,0), "No matching custom field definition") | E179: =IFERROR(VLOOKUP(C179,'IngClaims-Reference'!A:E,3,0), "No matching custom field definition") | F179: =IFERROR(VLOOKUP(C179,'IngClaims-Reference'!A:E,4,0), "No matching custom field definition") | G179: =IFERROR(IF(LEN(VLOOKUP(C179,'IngClaims-Reference'!A:E,5,0)) = 0, "", VLOOKUP(C179,'IngClaims-Reference'!A:E,5,0)), "No matching custom field definition")
A180: NPD-I10753 | B180: =IFERROR(VLOOKUP(A180,Ingredients!A:B,2,0), "") | C180: FairtradeMassBalanceOption | D180: =IFERROR(VLOOKUP(C180,'IngClaims-Reference'!A:E,2,0), "No matching custom field definition") | E180: =IFERROR(VLOOKUP(C180,'IngClaims-Reference'!A:E,3,0), "No matching custom field definition") | F180: =IFERROR(VLOOKUP(C180,'IngClaims-Reference'!A:E,4,0), "No matching custom field definition") | G180: =IFERROR(IF(LEN(VLOOKUP(C180,'IngClaims-Reference'!A:E,5,0)) = 0, "", VLOOKUP(C180,'IngClaims-Reference'!A:E,5,0)), "No matching custom field definition")
A181: NPD-I10753 | B181: =IFERROR(VLOOKUP(A181,Ingredients!A:B,2,0), "") | C181: FairtradeSegregatedOption | D181: =IFERROR(VLOOKUP(C181,'IngClaims-Reference'!A:E,2,0), "No matching custom field definition") | E181: =IFERROR(VLOOKUP(C181,'IngClaims-Reference'!A:E,3,0), "No matching custom field definition") | F181: =IFERROR(VLOOKUP(C181,'IngClaims-Reference'!A:E,4,0), "No matching custom field definition") | G181: =IFERROR(IF(LEN(VLOOKUP(C181,'IngClaims-Reference'!A:E,5,0)) = 0, "", VLOOKUP(C181,'IngClaims-Reference'!A:E,5,0)), "No matching custom field definition")
A182: NPD-I10753 | B182: =IFERROR(VLOOKUP(A182,Ingredients!A:B,2,0), "") | C182: UTZUncertifiedOption | D182: =IFERROR(VLOOKUP(C182,'IngClaims-Reference'!A:E,2,0), "No matching custom field definition") | E182: =IFERROR(VLOOKUP(C182,'IngClaims-Reference'!A:E,3,0), "No matching custom field definition") | F182: =IFERROR(VLOOKUP(C182,'IngClaims-Reference'!A:E,4,0), "No matching custom field definition") | G182: =IFERROR(IF(LEN(VLOOKUP(C182,'IngClaims-Reference'!A:E,5,0)) = 0, "", VLOOKUP(C182,'IngClaims-Reference'!A:E,5,0)), "No matching custom field definition")
A183: NPD-I10753 | B183: =IFERROR(VLOOKUP(A183,Ingredients!A:B,2,0), "") | C183: UTZMassBalanceOption | D183: =IFERROR(VLOOKUP(C183,'IngClaims-Reference'!A:E,2,0), "No matching custom field definition") | E183: =IFERROR(VLOOKUP(C183,'IngClaims-Reference'!A:E,3,0), "No matching custom field definition") | F183: =IFERROR(VLOOKUP(C183,'IngClaims-Reference'!A:E,4,0), "No matching custom field definition") | G183: =IFERROR(IF(LEN(VLOOKUP(C183,'IngClaims-Reference'!A:E,5,0)) = 0, "", VLOOKUP(C183,'IngClaims-Reference'!A:E,5,0)), "No matching custom field definition")
... A234: NPD-I10753 | B234: =IFERROR(VLOOKUP(A234,Ingredients!A:B,2,0), "") | C234: IngSweeteners | D234: =IFERROR(VLOOKUP(C234,'IngClaims-Reference'!A:E,2,0), "No matching custom field definition") | E234: =IFERROR(VLOOKUP(C234,'IngClaims-Reference'!A:E,3,0), "No matching custom field definition") | F234: =IFERROR(VLOOKUP(C234,'IngClaims-Reference'!A:E,4,0), "No matching custom field definition") | G234: =IFERROR(IF(LEN(VLOOKUP(C234,'IngClaims-Reference'!A:E,5,0)) = 0, "", VLOOKUP(C234,'IngClaims-Reference'!A:E,5,0)), "No matching custom field definition")
A235: NPD-I10753 | B235: =IFERROR(VLOOKUP(A235,Ingredients!A:B,2,0), "") | C235: KosherCertified | D235: =IFERROR(VLOOKUP(C235,'IngClaims-Reference'!A:E,2,0), "No matching custom field definition") | E235: =IFERROR(VLOOKUP(C235,'IngClaims-Reference'!A:E,3,0), "No matching custom field definition") | F235: =IFERROR(VLOOKUP(C235,'IngClaims-Reference'!A:E,4,0), "No matching custom field definition") | G235: =IFERROR(IF(LEN(VLOOKUP(C235,'IngClaims-Reference'!A:E,5,0)) = 0, "", VLOOKUP(C235,'IngClaims-Reference'!A:E,5,0)), "No matching custom field definition") | H235: Unsuitable
A236: NPD-I10753 | B236: =IFERROR(VLOOKUP(A236,Ingredients!A:B,2,0), "") | C236: HalalCertified | D236: =IFERROR(VLOOKUP(C236,'IngClaims-Reference'!A:E,2,0), "No matching custom field definition") | E236: =IFERROR(VLOOKUP(C236,'IngClaims-Reference'!A:E,3,0), "No matching custom field definition") | F236: =IFERROR(VLOOKUP(C236,'IngClaims-Reference'!A:E,4,0), "No matching custom field definition") | G236: =IFERROR(IF(LEN(VLOOKUP(C236,'IngClaims-Reference'!A:E,5,0)) = 0, "", VLOOKUP(C236,'IngClaims-Reference'!A:E,5,0)), "No matching custom field definition") | H236: Unsuitable
A237: NPD-I10753 | B237: =IFERROR(VLOOKUP(A237,Ingredients!A:B,2,0), "") | C237: OrganicCertified | D237: =IFERROR(VLOOKUP(C237,'IngClaims-Reference'!A:E,2,0), "No matching custom field definition") | E237: =IFERROR(VLOOKUP(C237,'IngClaims-Reference'!A:E,3,0), "No matching custom field definition") | F237: =IFERROR(VLOOKUP(C237,'IngClaims-Reference'!A:E,4,0), "No matching custom field definition") | G237: =IFERROR(IF(LEN(VLOOKUP(C237,'IngClaims-Reference'!A:E,5,0)) = 0, "", VLOOKUP(C237,'IngClaims-Reference'!A:E,5,0)), "No matching custom field definition") | H237: Unsuitable
A238: NPD-I10753 | B238: =IFERROR(VLOOKUP(A238,Ingredients!A:B,2,0), "") | C238: RedTractorCertified | D238: =IFERROR(VLOOKUP(C238,'IngClaims-Reference'!A:E,2,0), "No matching custom field definition") | E238: =IFERROR(VLOOKUP(C238,'IngClaims-Reference'!A:E,3,0), "No matching custom field definition") | F238: =IFERROR(VLOOKUP(C238,'IngClaims-Reference'!A:E,4,0), "No matching custom field definition") | G238: =IFERROR(IF(LEN(VLOOKUP(C238,'IngClaims-Reference'!A:E,5,0)) = 0, "", VLOOKUP(C238,'IngClaims-Reference'!A:E,5,0)), "No matching custom field definition") | H238: No
A239: NPD-I10754 | B239: =IFERROR(VLOOKUP(A239,Ingredients!A:B,2,0), "") | C239: FiveadayClass | D239: =IFERROR(VLOOKUP(C239,'IngClaims-Reference'!A:E,2,0), "No matching custom field definition") | E239: =IFERROR(VLOOKUP(C239,'IngClaims-Reference'!A:E,3,0), "No matching custom field definition") | F239: =IFERROR(VLOOKUP(C239,'IngClaims-Reference'!A:E,4,0), "No matching custom field definition") | G239: =IFERROR(IF(LEN(VLOOKUP(C239,'IngClaims-Reference'!A:E,5,0)) = 0, "", VLOOKUP(C239,'IngClaims-Reference'!A:E,5,0)), "No matching custom field definition")
A240: NPD-I10754 | B240: =IFERROR(VLOOKUP(A240,Ingredients!A:B,2,0), "") | C240: FiveADayPortionOverride | D240: =IFERROR(VLOOKUP(C240,'IngClaims-Reference'!A:E,2,0), "No matching custom field definition") | E240: =IFERROR(VLOOKUP(C240,'IngClaims-Reference'!A:E,3,0), "No matching custom field definition") | F240: =IFERROR(VLOOKUP(C240,'IngClaims-Reference'!A:E,4,0), "No matching custom field definition") | G240: =IFERROR(IF(LEN(VLOOKUP(C240,'IngClaims-Reference'!A:E,5,0)) = 0, "", VLOOKUP(C240,'IngClaims-Reference'!A:E,5,0)), "No matching custom field definition")
A241: NPD-I10754 | B241: =IFERROR(VLOOKUP(A241,Ingredients!A:B,2,0), "") | C241: FiveADayPortionContributionPerc | D241: =IFERROR(VLOOKUP(C241,'IngClaims-Reference'!A:E,2,0), "No matching custom field definition") | E241: =IFERROR(VLOOKUP(C241,'IngClaims-Reference'!A:E,3,0), "No matching custom field definition") | F241: =IFERROR(VLOOKUP(C241,'IngClaims-Reference'!A:E,4,0), "No matching custom field definition") | G241: =IFERROR(IF(LEN(VLOOKUP(C241,'IngClaims-Reference'!A:E,5,0)) = 0, "", VLOOKUP(C241,'IngClaims-Reference'!A:E,5,0)), "No matching custom field definition") | H241: 100
A242: NPD-I10754 | B242: =IFERROR(VLOOKUP(A242,Ingredients!A:B,2,0), "") | C242: VegansSuitable | D242: =IFERROR(VLOOKUP(C242,'IngClaims-Reference'!A:E,2,0), "No matching custom field definition") | E242: =IFERROR(VLOOKUP(C242,'IngClaims-Reference'!A:E,3,0), "No matching custom field definition") | F242: =IFERROR(VLOOKUP(C242,'IngClaims-Reference'!A:E,4,0), "No matching custom field definition") | G242: =IFERROR(IF(LEN(VLOOKUP(C242,'IngClaims-Reference'!A:E,5,0)) = 0, "", VLOOKUP(C242,'IngClaims-Reference'!A:E,5,0)), "No matching custom field definition") | H242: No
A243: NPD-I10754 | B243: =IFERROR(VLOOKUP(A243,Ingredients!A:B,2,0), "") | C243: VegetariansSuitable | D243: =IFERROR(VLOOKUP(C243,'IngClaims-Reference'!A:E,2,0), "No matching custom field definition") | E243: =IFERROR(VLOOKUP(C243,'IngClaims-Reference'!A:E,3,0), "No matching custom field definition") | F243: =IFERROR(VLOOKUP(C243,'IngClaims-Reference'!A:E,4,0), "No matching custom field definition") | G243: =IFERROR(IF(LEN(VLOOKUP(C243,'IngClaims-Reference'!A:E,5,0)) = 0, "", VLOOKUP(C243,'IngClaims-Reference'!A:E,5,0)), "No matching custom field definition") | H243: Yes
A244: NPD-I10754 | B244: =IFERROR(VLOOKUP(A244,Ingredients!A:B,2,0), "") | C244: OvoVegetariansSuitable | D244: =IFERROR(VLOOKUP(C244,'IngClaims-Reference'!A:E,2,0), "No matching custom field definition") | E244: =IFERROR(VLOOKUP(C244,'IngClaims-Reference'!A:E,3,0), "No matching custom field definition") | F244: =IFERROR(VLOOKUP(C244,'IngClaims-Reference'!A:E,4,0), "No matching custom field definition") | G244: =IFERROR(IF(LEN(VLOOKUP(C244,'IngClaims-Reference'!A:E,5,0)) = 0, "", VLOOKUP(C244,'IngClaims-Reference'!A:E,5,0)), "No matching custom field definition") | H244: No
A245: NPD-I10754 | B245: =IFERROR(VLOOKUP(A245,Ingredients!A:B,2,0), "") | C245: HFSSDriedFVNPercOverride | D245: =IFERROR(VLOOKUP(C245,'IngClaims-Reference'!A:E,2,0), "No matching custom field definition") | E245: =IFERROR(VLOOKUP(C245,'IngClaims-Reference'!A:E,3,0), "No matching custom field definition") | F245: =IFERROR(VLOOKUP(C245,'IngClaims-Reference'!A:E,4,0), "No matching custom field definition") | G245: =IFERROR(IF(LEN(VLOOKUP(C245,'IngClaims-Reference'!A:E,5,0)) = 0, "", VLOOKUP(C245,'IngClaims-Reference'!A:E,5,0)), "No matching custom field definition")
A246: NPD-I10754 | B246: =IFERROR(VLOOKUP(A246,Ingredients!A:B,2,0), "") | C246: HFSSFVNPercOverride | D246: =IFERROR(VLOOKUP(C246,'IngClaims-Reference'!A:E,2,0), "No matching custom field definition") | E246: =IFERROR(VLOOKUP(C246,'IngClaims-Reference'!A:E,3,0), "No matching custom field definition") | F246: =IFERROR(VLOOKUP(C246,'IngClaims-Reference'!A:E,4,0), "No matching custom field definition") | G246: =IFERROR(IF(LEN(VLOOKUP(C246,'IngClaims-Reference'!A:E,5,0)) = 0, "", VLOOKUP(C246,'IngClaims-Reference'!A:E,5,0)), "No matching custom field definition")
A247: NPD-I10754 | B247: =IFERROR(VLOOKUP(A247,Ingredients!A:B,2,0), "") | C247: ContainsPalmOil | D247: =IFERROR(VLOOKUP(C247,'IngClaims-Reference'!A:E,2,0), "No matching custom field definition") | E247: =IFERROR(VLOOKUP(C247,'IngClaims-Reference'!A:E,3,0), "No matching custom field definition") | F247: =IFERROR(VLOOKUP(C247,'IngClaims-Reference'!A:E,4,0), "No matching custom field definition") | G247: =IFERROR(IF(LEN(VLOOKUP(C247,'IngClaims-Reference'!A:E,5,0)) = 0, "", VLOOKUP(C247,'IngClaims-Reference'!A:E,5,0)), "No matching custom field definition")
A248: NPD-I10754 | B248: =IFERROR(VLOOKUP(A248,Ingredients!A:B,2,0), "") | C248: ContainsCocoa | D248: =IFERROR(VLOOKUP(C248,'IngClaims-Reference'!A:E,2,0), "No matching custom field definition") | E248: =IFERROR(VLOOKUP(C248,'IngClaims-Reference'!A:E,3,0), "No matching custom field definition") | F248: =IFERROR(VLOOKUP(C248,'IngClaims-Reference'!A:E,4,0), "No matching custom field definition") | G248: =IFERROR(IF(LEN(VLOOKUP(C248,'IngClaims-Reference'!A:E,5,0)) = 0, "", VLOOKUP(C248,'IngClaims-Reference'!A:E,5,0)), "No matching custom field definition")
A249: NPD-I10754 | B249: =IFERROR(VLOOKUP(A249,Ingredients!A:B,2,0), "") | C249: ContainsCoffee | D249: =IFERROR(VLOOKUP(C249,'IngClaims-Reference'!A:E,2,0), "No matching custom field definition") | E249: =IFERROR(VLOOKUP(C249,'IngClaims-Reference'!A:E,3,0), "No matching custom field definition") | F249: =IFERROR(VLOOKUP(C249,'IngClaims-Reference'!A:E,4,0), "No matching custom field definition") | G249: =IFERROR(IF(LEN(VLOOKUP(C249,'IngClaims-Reference'!A:E,5,0)) = 0, "", VLOOKUP(C249,'IngClaims-Reference'!A:E,5,0)), "No matching custom field definition")
A250: NPD-I10754 | B250: =IFERROR(VLOOKUP(A250,Ingredients!A:B,2,0), "") | C250: ContainsSoya | D250: =IFERROR(VLOOKUP(C250,'IngClaims-Reference'!A:E,2,0), "No matching custom field definition") | E250: =IFERROR(VLOOKUP(C250,'IngClaims-Reference'!A:E,3,0), "No matching custom field definition") | F250: =IFERROR(VLOOKUP(C250,'IngClaims-Reference'!A:E,4,0), "No matching custom field definition") | G250: =IFERROR(IF(LEN(VLOOKUP(C250,'IngClaims-Reference'!A:E,5,0)) = 0, "", VLOOKUP(C250,'IngClaims-Reference'!A:E,5,0)), "No matching custom field definition")
A251: NPD-I10754 | B251: =IFERROR(VLOOKUP(A251,Ingredients!A:B,2,0), "") | C251: CargillPromiseUncertifiedOption | D251: =IFERROR(VLOOKUP(C251,'IngClaims-Reference'!A:E,2,0), "No matching custom field definition") | E251: =IFERROR(VLOOKUP(C251,'IngClaims-Reference'!A:E,3,0), "No matching custom field definition") | F251: =IFERROR(VLOOKUP(C251,'IngClaims-Reference'!A:E,4,0), "No matching custom field definition") | G251: =IFERROR(IF(LEN(VLOOKUP(C251,'IngClaims-Reference'!A:E,5,0)) = 0, "", VLOOKUP(C251,'IngClaims-Reference'!A:E,5,0)), "No matching custom field definition")
A252: NPD-I10754 | B252: =IFERROR(VLOOKUP(A252,Ingredients!A:B,2,0), "") | C252: CargillPromiseMassBalanceOption | D252: =IFERROR(VLOOKUP(C252,'IngClaims-Reference'!A:E,2,0), "No matching custom field definition") | E252: =IFERROR(VLOOKUP(C252,'IngClaims-Reference'!A:E,3,0), "No matching custom field definition") | F252: =IFERROR(VLOOKUP(C252,'IngClaims-Reference'!A:E,4,0), "No matching custom field definition") | G252: =IFERROR(IF(LEN(VLOOKUP(C252,'IngClaims-Reference'!A:E,5,0)) = 0, "", VLOOKUP(C252,'IngClaims-Reference'!A:E,5,0)), "No matching custom field definition")
A253: NPD-I10754 | B253: =IFERROR(VLOOKUP(A253,Ingredients!A:B,2,0), "") | C253: CargillPromiseFactoryMassBalanceOption | D253: =IFERROR(VLOOKUP(C253,'IngClaims-Reference'!A:E,2,0), "No matching custom field definition") | E253: =IFERROR(VLOOKUP(C253,'IngClaims-Reference'!A:E,3,0), "No matching custom field definition") | F253: =IFERROR(VLOOKUP(C253,'IngClaims-Reference'!A:E,4,0), "No matching custom field definition") | G253: =IFERROR(IF(LEN(VLOOKUP(C253,'IngClaims-Reference'!A:E,5,0)) = 0, "", VLOOKUP(C253,'IngClaims-Reference'!A:E,5,0)), "No matching custom field definition")
