Workbook
Name Status: 'Reference'!$A$4:$A$10
Name Categories: 'Reference'!$C$4:$C$24
Name Usages: 'Reference'!$E$4:$E$6
Name Suppliers: 'Reference'!$O$4:$O$173
Name MaterialClasses: 'Reference'!$G$4:$G$11
Name TimePeriod: 'Reference'!$T$4:$T$8
Name AfterOpenTimePeriod: 'Reference'!$V$4:$V$9
Name Recyclabilities: 'Reference'!$K$4:$K$8

Sheet Packaging
A1: Code | B1: Description | C1: New Code | D1: External Code | E1: Category | F1: State | G1: Default Yield % | H1: Comments | I1: Usage | J1: Classification | K1: Extended Classification | L1: Gauge | M1: Substrate | N1: Colour | O1: Recycled Content % | P1: Discrete | Q1: Unit Weight | R1: Unit Weight Comment | S1: Min Temperature | T1: Max Temperature | U1: Width | V1: Length | W1: Height | X1: Dimensions Comment | Y1: Cost | Z1: UoM | AA1: Total Shelf Life | AB1: Total Shelf Life Period | AC1: Total Shelf Life Comment | AD1: Min. Shelf Life On Arrival | AE1: Min. Shelf Life On Arrival Period | AF1: Min. Shelf Life On Arrival Comment | AG1: Shelf Life After Opening | AH1: Shelf Life After Opening Period | AI1: Shelf Life After Opening Comment | AJ1: Lead Time | AK1: Lead Time Period | AL1: Min Order Quantity | AM1: Countries of Origin | AN1: Countries Of Manufacture | AO1: Tags | AP1: Supplier Comments
A2: NPD-P2 | B2: Printed Product Label | E2: Single Label | F2: Approved | G2: 100 | H2: Non food contact. | I2: Secondary | J2: Paper | P2: No | Y2: 0.1 | Z2: Each | AA2: 1 | AB2: Years | AK2: Days
A3: NPD-P7 | B3: Vacuum Pouch 160x300mm | D3: SC60160300 | E3: Bag | F3: Approved | G3: 100 | I3: Primary | J3: Plastic | L3: 60 | M3: PA/PE Multilayer Co-extruded barrier Blown film. | N3: Colourless | P3: No | Q3: 5 | U3: 160 | V3: 300 | Y3: 28.37 | Z3: Box | AA3: 2 | AB3: Years | AK3: Days
A4: NPD-P8 | B4: Soak Pads 75x120mm | D4: MPSL75120B | E4: Soak Pad | F4: Approved | G4: 100 | H4: SUPERLITE PADS BLACK 75X120MM 4000/BOX 3000gsm | I4: Primary | P4: No | Y4: 63.35 | Z4: Box | AK4: Days
A5: NPD-P15 | B5: PANIBOIS DUC BAKING BASKET – (175X110X60MM) | D5: PP3 | E5: Tray | F5: Approved | G5: 100 | I5: Primary | J5: Wood | M5: Wood | N5: Brown | P5: Yes | Q5: 26.9 | U5: 110 | V5: 175 | W5: 60 | Y5: 59 | Z5: Case | AA5: 2 | AB5: Years | AK5: Days | AM5: France | AN5: France
A6: NPD-P16 | B6: FILM FRONT BAGS BROWN/CLEAR- 10×10″ | D6: FFBK-10 | E6: Bag | F6: Approved | G6: 100 | I6: Primary | N6: Brown | P6: No | Y6: 17.5 | Z6: Case | AK6: Days
A7: NPD-P23 | B7: Vacuum Pouch 200x300mm | D7: CBV01001 | E7: Bag | F7: Approved | G7: 100 | H7: Spec requested 24.03 | I7: Primary | J7: Plastic | M7: PA/PE Multilayer barrier film | N7: clear | O7: 0 | P7: Yes | Q7: 5 | U7: 200 | V7: 300 | Y7: 58.68 | Z7: Box | AA7: 2 | AB7: Years | AK7: Days
A8: NPD-P24 | B8: Vacuum Pouch 300x400mm | D8: 27030040 | E8: Bag | F8: Approved | G8: 100 | I8: Primary | J8: Plastic | L8: 65 | M8: Food grade PE/PA/PE co- extrusion | N8: Colourless | P8: No | Q8: 14.43 | Y8: 102.64 | Z8: Box | AA8: 2 | AB8: Years | AK8: Days
A9: NPD-P25 | B9: Vacuum Pouch 400x500mm | D9: 27040050 | E9: Bag | F9: Approved | G9: 100 | I9: Primary | J9: Plastic | L9: 65 | M9: Food grade PE/PA/PE co- extrusion | N9: Colourless | O9: 0 | P9: Yes | Q9: 26.08 | U9: 400 | V9: 500 | Y9: 110.12 | Z9: Box | AA9: 2 | AB9: Years | AK9: Days
A10: NPD-P30 | B10: Burger Disc 4" Black Paper | D10: MP40013 | E10: Unassigned | F10: Approved | G10: 100 | I10: Primary | J10: Paper | L10: 86.4 | M10: Paper | N10: Black | O10: 100 | P10: Yes | U10: 101 | V10: 101 | Y10: 7.92 | Z10: Box | AK10: Days | AM10: United Kingdom | AN10: United Kingdom
A11: NPD-P32 | B11: Thermal Label | E11: Single Label | F11: Approved | G11: 100 | H11: Internal approval - non food contact. | I11: Secondary | J11: Paper | N11: white | P11: Yes | Q11: 1 | U11: 127 | V11: 75 | Y11: 7.86 | Z11: Box | AA11: 2 | AB11: Years | AK11: Days | AM11: United Kingdom | AN11: United Kingdom
A12: NPD-P37 | B12: 5mm Black Round Matt Masonite Board (8") | D12: 205893 | E12: Unassigned | F12: Approved | G12: 100 | H12: ISO9001:ISO14001 certification | I12: Primary | J12: Laminated Boards | N12: Black | P12: No | Y12: 1 | Z12: Each | AA12: 2 | AB12: Years | AK12: Days | AM12: China | AN12: China
A13: NPD-P45 | B13: Cooking Instructions Card | E13: Unassigned | F13: Approved | G13: 100 | P13: No | Y13: 0.1 | Z13: Each | AK13: Days
A14: NPD-P46 | B14: Stand Up Pch CLEAR 500ml | D14: SUPC02 | E14: Bag | F14: Approved | G14: 100 | H14: (98 micron laminated film with barrier properties (12 micron PET, 86 micron PE) | I14: Primary | J14: Plastic | L14: 98 | M14: Plastic | N14: Clear | P14: Yes | X14: Height 230 Width 130 Depth (Gusset) 80mm | Y14: 64.89 | Z14: Box | AA14: 12 | AB14: Months | AK14: Days
A15: NPD-P52 | B15: Black Silver Board 135 X 180 600GSM | E15: Tray | F15: Approved | G15: 100 | H15: Solid Grey Board produced from 70% recycled fibre Glue Laminated on one side to black polyester, silver polyester to reverse side | I15: Primary | J15: Laminated Boards | L15: 800 | M15: Solid Grey Board produced from 70% recycled fibre | N15: Grey | O15: 70 | P15: Yes | Q15: 20 | U15: 135 | V15: 180 | Y15: 64.07 | Z15: Pack | AK15: Days
A16: NPD-P53 | B16: Gifting Tin (Large) | E16: Box | F16: Approved | G16: 100 | H16: Awaiting SAQ and product specification from the supplier. Email sent to the supplier 17/08 | P16: No | Y16: 0 | Z16: Each | AK16: Days
A17: NPD-P55 | B17: Gelato Hospitality Outer Sleeve (2.5l) | E17: Sleeve | F17: Approved | G17: 100 | I17: Secondary | J17: Cardboard | L17: 500 | N17: White | P17: No | U17: 184 | V17: 590 | Y17: 973 | Z17: 2500's | AA17: 5 | AB17: Years | AK17: Days
A18: NPD-P56 | B18: Belly Band | E18: Sleeve | F18: Approved | G18: 100 | H18: TBC - James to speak to Creative. | P18: No | Y18: 0.147 | Z18: Each | AA18: 2 | AB18: Years | AK18: Days
A19: NPD-P64 | B19: 150 x 100 + 50 mm gusset - PEPE Matt Biltong Pouch | E19: Bag | F19: Approved | G19: 100 | I19: Primary | J19: Plastic | L19: 90-120 | M19: PE-EVOH-PE | N19: Pre-printed | O19: 0 | P19: Yes | U19: 50 | V19: 150 | W19: 150 | Y19: 0.2328 | Z19: Each | AA19: 2 | AB19: Years | AK19: Days | AM19: United Kingdom | AN19: United Kingdom
A20: NPD-P65 | B20: 50CC Loose O2O® Oxygen Absorber | E20: Sachet | F20: Approved | G20: 100 | I20: Primary | J20: Plastic | L20: 90-120 | M20: PE - EVOH - PE | N20: white | P20: No | Y20: 240 | Z20: Box | AA20: 2 | AB20: Years | AK20: Days
A21: NPD-P66 | B21: 125C Tubs - Personalised | E21: Tub Pot | F21: Approved | G21: 100 | P21: No | Y21: 73.26 | Z21: per 1000 | AK21: Days
A22: NPD-P67 | B22: 125C Lid Wooden Spoon | E22: Lid | F22: Approved | G22: 100 | P22: No | Y22: 86.58 | Z22: per 1000 | AK22: Days
A23: NPD-P70 | B23: 700/350mm 20mic CENTRE FOLD FILM 1000M | D23: S/0045 | E23: Film | F23: Approved | G23: 100 | I23: Primary | J23: Plastic | L23: 20 | M23: BOPP | O23: 0 | P23: No | Q23: 7300 | Y23: 53.81 | Z23: 1000 metre | AA23: 2 | AB23: Years | AK23: Days | AP23: FILM AND FOIL - Plain Centre Folded L Sealer Film PLAIN CENTRE FOLDED L SEALER FILM CODE: S/0045 SIZE (MM): 400/200MM (8") PACK SIZE: Roll MICRON: 20
A24: NPD-P71 | B24: DISPLAY30 Retail Display Bag | D24: DISPLAY30 | E24: Bag | F24: Approved | G24: 100 | I24: Primary | J24: Plastic | L24: 40 | M24: Polypropylene | N24: Clear | O24: 0 | P24: No | U24: 65 | V24: 120 | W24: 275 | Y24: 115.72 | Z24: case | AA24: 2 | AB24: Years | AK24: Days
A25: NPD-P73 | B25: Decorative Bow | E25: Ribbon | F25: Approved | G25: 100 | P25: No | Y25: 0.25 | Z25: Each | AK25: Days
A26: NPD-P74 | B26: 140 x 200 x 60 mm gusset - PEPE Matt Biltong Pouch | E26: Bag | F26: Approved | G26: 100 | I26: Primary | J26: Plastic | L26: 90-120 | M26: PE-EVOH-PE | N26: Pre printed | O26: 0 | P26: Yes | U26: 60 | V26: 140 | W26: 200 | Y26: 0.4427 | Z26: Each | AA26: 2 | AB26: Years | AK26: Days | AM26: United Kingdom | AN26: United Kingdom
A27: NPD-P75 | B27: 200CC Loose O2O® Oxygen Absorber | D27: C1334 | E27: Sachet | F27: Approved | G27: 100 | I27: Primary | J27: Plastic | L27: 90-120 | M27: PE - EVOH -PE | N27: White | P27: No | Y27: 183 | Z27: Box | AA27: 2 | AB27: Years | AK27: Days | AN27: China
A28: NPD-P79 | B28: 375ml Round 97mm Diameter Tamper Evident Container & Lid | E28: Tub Pot | F28: Approved | G28: 100 | I28: Primary | J28: Plastic | M28: Polypropylene | N28: colourless | O28: 100 | P28: Yes | Q28: 18 | S28: 5 | T28: 95 | U28: 95 | V28: 95 | W28: 80 | Y28: 144.68 | Z28: Box | AA28: 12 | AK28: Days | AL28: 15 | AM28: Denmark | AN28: Denmark
A29: NPD-P84 | B29: Bamboo Teppo Gushi Skewer 180MM 7" 250 Per Pack | D29: SKBAMTEPPO180 | E29: Unassigned | F29: Approved | G29: 100 | I29: Primary | J29: Wood | M29: bamboo | N29: nature | P29: No | V29: 180 | Y29: 6.3 | Z29: Pack | AA29: 10 | AB29: Years | AK29: Days
A30: NPD-P86 | B30: D13/13 SP CLEAR | D30: 101071-XX | E30: Tray | F30: Approved | G30: 100 | H30: Targeted raw material blend of 80% RPET & 20% APET, with a minimum of 30% of Post-Consumer Recyclate | I30: Primary | J30: Plastic | L30: 600 | M30: RPET/PESP | N30: Clear | O30: 30 | P30: No | Q30: 29.9 | S30: -18 | T30: 25 | U30: 239 | V30: 167 | W30: 13 | Y30: 5734.61 | Z30: Batch | AA30: 2 | AB30: Years | AK30: Days
A31: NPD-P87 | B31: D13/37 CLEAR | D31: 101018-01 | E31: Tray | F31: Approved | G31: 100 | H31: Targeted raw material blend of 80% RPET & 20% APET, with a minimum of 30% of Post-Consumer Recyclate All material is produced in an A.B.A.C structure A - Virgin PET Capping Layer B - Recycled content including post-consumer and post-industrial (pre-consumer) recyclate A - Virgin PET Capping Layer C - PE Laminate (food contact side) | I31: Primary | J31: Plastic | L31: 425 | M31: RPET/PE | N31: colourless | O31: 80 | P31: No | Q31: 20.6 | S31: -18 | T31: 35 | U31: 167 | V31: 239 | W31: 37 | Y31: 5661.33 | Z31: Batch | AK31: Days
A32: NPD-P88 | B32: D13/45 CLEAR | D32: 101019-04 | E32: Tray | F32: Approved | G32: 100 | H32: Recyclable MATERIAL STRUCTURE: All material is produced in an A.B.A.C structure A - Virgin PET Capping Layer B - Recycled content including post-consumer and post-industrial (pre-consumer) recyclate A - Virgin PET Capping Layer C - PE Laminate (food contact side) | I32: Primary | J32: Plastic | L32: 425 | M32: RPET/PE | N32: Colourless | O32: 80 | P32: No | Q32: 21.2 | S32: -18 | T32: 35 | U32: 167 | V32: 239 | W32: 45 | Y32: 5661.33 | Z32: Batch | AA32: 2 | AB32: Years | AK32: Days | AM32: Ireland | AN32: Ireland
A33: NPD-P89 | B33: 0422 DIE CUT SELF LOCKING TRAY 225X225X50 711MIC KRAFTPAK (FOOD SAFE) | D33: C75798/3 | E33: Tray | F33: Approved | G33: 100 | I33: Primary | J33: Cardboard | N33: Brown | O33: 100 | P33: No | U33: 225 | V33: 225 | W33: 50 | Y33: 0.53 | Z33: Each | AA33: 2 | AB33: Years | AK33: Days
A34: NPD-P90 | B34: 0422 DIE CUT SELF LOCKING TRAY 205X100X40 711MIC KRAFTPAK (FOOD SAFE) | D34: C75800/3 | E34: Tray | F34: Approved | G34: 100 | H34: Bespoke | I34: Primary | J34: Paper | L34: 711 MIC | N34: Brown | O34: 100 | P34: No | U34: 205 | V34: 100 | W34: 40 | Y34: 0.252 | Z34: Each | AA34: 2 | AB34: Years | AK34: Days
A35: NPD-P91 | B35: 0427 DIE CUT SELF LOCKING BOX C/W 6 CELL DOUBLE THICKNESS UNASSEMBLED DIVIDER SET (50MM HIGH) 240X160X55 711MIC KRAFTPAK (FOOD SAFE) | D35: C75802/5 | E35: Box | F35: Approved | G35: 100 | H35: BRC Supplier | I35: Primary | J35: Cardboard | L35: 150 | N35: Brown | O35: 100 | P35: No | Y35: 0.815 | Z35: Each | AA35: 2 | AB35: Years | AK35: Days
A36: NPD-P92 | B36: GREASEPROOF PAPER 200X180 40GSM | D36: Z75960 | E36: Paper | F36: Approved | G36: 100 | H36: Bespoke | I36: Primary | J36: Paper | L36: 40 gsm | N36: Brown | O36: 100 | P36: No | U36: 200 | V36: 180 | Y36: 0.0784 | Z36: Each | AA36: 2 | AB36: Years | AK36: Days
A37: NPD-P93 | B37: GREASEPROOF PAPER 220X320 40GSM | D37: Z75961 | E37: Paper | F37: Approved | G37: 100 | H37: Bespoke | I37: Primary | J37: Paper | L37: 40 gsm | N37: Brown | O37: 100 | P37: No | U37: 220 | V37: 320 | Y37: 0.0784 | Z37: Each | AA37: 2 | AB37: Years | AK37: Days
A38: NPD-P94 | B38: GREASEPROOF PAPER 230X450 40GSM | D38: Z75962 | E38: Paper | F38: Approved | G38: 100 | H38: Bespoke | I38: Primary | J38: Paper | L38: 40 gsm | N38: Brown | O38: 100 | P38: No | U38: 230 | V38: 450 | Y38: 0.132 | Z38: Each | AA38: 2 | AB38: Years | AK38: Days
A39: NPD-P96 | B39: PP7 PANIBOIS SIRE WOODEN MOULD 210X145X40MM | D39: PP7 | E39: Tray | F39: Approved | G39: 100 | H39: Bespoke Attached for reference only | I39: Primary | J39: Wood | M39: Wood (Poplar) | N39: Wooden | P39: No | Q39: 55 | U39: 210 | V39: 145 | W39: 40 | Y39: 65 | Z39: per 100 | AA39: 2 | AB39: Years | AK39: Days | AM39: France
A40: NPD-P98 | B40: Vacuum Pouch 200 X 300 90MU 1000 Per Box | D40: VI90200300 | E40: Bag | F40: Approved | G40: 100 | H40: Vacuum Pouch 90 micron | I40: Primary | J40: Plastic | L40: 90 | M40: PA/PE | N40: Colourless | O40: 0 | P40: No | Q40: 11 | T40: 85 | U40: 200 | V40: 300 | Y40: 41.22 | Z40: Box | AA40: 1 | AB40: Years | AK40: Days
A41: NPD-P99 | B41: 155ml Round 69mm Diameter Tamper Evident Container & Lid | E41: Tub Pot | F41: Approved | G41: 100 | I41: Primary | J41: Plastic | M41: Polypropylene | N41: colourless | P41: No | Q41: 10 | S41: 5 | T41: 95 | U41: 800 | V41: 400 | W41: 450 | Y41: 161.62 | Z41: Case | AA41: 12 | AB41: Months | AK41: Days | AM41: Denmark | AN41: Denmark
A42: NPD-P100 | B42: Aluminium Smoothwall Tray 220 X 150 X 70 600/BOX | D42: AS22153401 | E42: Tray | F42: Approved | G42: 100 | H42: Volume = 1534cm3 Recyclable | I42: Primary | J42: Metal | M42: Aluminium | N42: Silver | O42: 25 | P42: Yes | Q42: 23.04 | S42: -40 | T42: 300 | U42: 220 | V42: 150 | W42: 70 | Y42: 220 | Z42: Box | AA42: 2 | AB42: Years | AK42: Days
A43: NPD-P101 | B43: Sutton Brue Carton | E43: Box | F43: Approved | G43: 100 | I43: Secondary | J43: Cardboard | L43: 500 micron | M43: White Peak GC2 | N43: 4 process colours + 1 pantone face with spot neutral coating, 1 Pantone on reverse | O43: 100 | P43: Yes | S43: -18 | U43: 97 | V43: 100 | W43: 38 | Y43: 1824 | Z43: Per 10000 | AA43: 24 | AB43: Months | AK43: Days | AM43: United Kingdom | AN43: United Kingdom
A44: NPD-P103 | B44: 42.5x180mm Green Bakery Tab | E44: Ribbon | F44: Approved | G44: 100 | P44: No | Y44: 45.5 | Z44: Per Thousand | AK44: Days
A45: NPD-P106 | B45: 2500ml Napoli White Ice Cream Containers And Lids | D45: 2111 | E45: Tub Pot | F45: Approved | G45: 100 | I45: Primary | J45: Plastic | M45: PP COPO | N45: White | P45: No | Q45: 60.8 | S45: -20 | T45: 100 | U45: 172 | V45: 149 | W45: 142 | Y45: 89.95 | Z45: Box | AA45: 12 | AB45: Months | AK45: Days
A46: NPD-P111 | B46: 155ml Creamery Carton | E46: Box | F46: Approved | G46: 100 | I46: Secondary | J46: Cardboard | L46: 500 micron | M46: White Peak GC2 | N46: 4 process colours + 1 pantone face with spot neutral coating, 1 Pantone on reverse | P46: No | Q46: 11 | S46: -18 | U46: 69.5 | V46: 69.5 | W46: 69.5 | Y46: 2647 | Z46: Per 10000 | AA46: 24 | AB46: Months | AK46: Days | AM46: United Kingdom | AN46: United Kingdom
A47: NPD-P112 | B47: 375ml Creamery Carton | E47: Box | F47: Approved | G47: 100 | I47: Secondary | J47: Cardboard | L47: 500 micron | M47: White Peak GC2 | N47: 4 process colours + 1 pantone face with spot neutral coating, 1 Pantone on reverse | O47: 100 | P47: Yes | Q47: 22 | S47: -18 | U47: 98 | V47: 98 | W47: 82 | Y47: 7745 | Z47: Per 30000 | AA47: 24 | AB47: Months | AK47: Days | AM47: United Kingdom | AN47: United Kingdom
A48: NPD-P118 | B48: Tray Lidding Film (ProSeal) | D48: SXPE40340500 | E48: Film | F48: Approved | G48: 100 | H48: High Barrier lidding film on rolls slit to width required, for sealing to compatible PE sealing layers £50 per 500m | I48: Primary | J48: Plastic | L48: 40 | M48: PE | N48: Clear | P48: No | U48: 340 | V48: 500 | Y48: 50 | Z48: Box | AA48: 2 | AB48: Years | AK48: Days
A49: NPD-P120 | B49: Waterlip Carton | E49: Box | F49: Approved | G49: 100 | I49: Secondary | J49: Cardboard | L49: 500 micron | M49: White Peak GC2 | N49: 4 process colours + 1 pantone face with spot neutral coating, 1 Pantone on reverse | O49: 100 | P49: Yes | S49: -18 | T49: 35 | U49: 97 | V49: 100 | W49: 38 | Y49: 1824 | Z49: Per 10000 | AA49: 24 | AB49: Months | AK49: Days | AM49: United Kingdom | AN49: United Kingdom
A50: NPD-P121 | B50: Butchery D13 Product Sticker | E50: Single Label | F50: Approved | G50: 100 | H50: 80 x 80mm Printed on Matt Tintoretto Gesso H+O (ULTRA WS) 115 with Perm (SH-6020 Plus) adhesive Finished with Circle Presentation To Be Confirmed, in Reels of 1,000, printed Full colour from CMYK values on a 76mm ID Core | I50: Secondary | J50: Paper | M50: Tintoretto, Matt Varnish, CMYK IJ | P50: No | U50: 80 | Y50: 0.03 | Z50: Each | AA50: 1 | AB50: Years | AK50: Days
A51: NPD-P123 | B51: Cake/Biscuit Tin | E51: Tin | F51: Approved | G51: 100 | I51: Secondary | J51: Metal | L51: 230 | M51: Food safe gold lacquer | P51: No | U51: 218 | V51: 91 | Y51: 1.63 | Z51: Each | AA51: 3 | AB51: Years | AK51: Days
A52: NPD-P124 | B52: Low & Slow Meal Centre Carton | E52: Box | F52: Approved | G52: 100 | I52: Secondary | J52: Cardboard | M52: paper | N52: Designed | O52: 100 | P52: No | Q52: 45 | U52: 152 | V52: 71 | W52: 223 | Y52: 0.94 | Z52: Each | AA52: 2 | AB52: Years | AK52: Days | AM52: United Kingdom | AN52: United Kingdom
A53: NPD-P125 | B53: D13/13 Generic Butchery Sleeve | E53: Sleeve | F53: Approved | G53: 100 | H53: Non food packaging | I53: Secondary | J53: Paper | P53: No | Y53: 0.1663 | Z53: Each | AA53: 2 | AB53: Years | AK53: Days
A54: NPD-P126 | B54: D13/37 Generic Butchery Sleeve | E54: Sleeve | F54: Approved | G54: 100 | I54: Secondary | J54: Paper | P54: No | Y54: 0.1663 | Z54: Each | AA54: 2 | AB54: Years | AK54: Days | AM54: United Kingdom | AN54: United Kingdom
A55: NPD-P127 | B55: D13/45 Generic Butchery Sleeve | E55: Sleeve | F55: Approved | G55: 100 | I55: Secondary | J55: Paper | P55: No | Y55: 0.1663 | Z55: Each | AA55: 2 | AB55: Years | AK55: Days | AM55: United Kingdom | AN55: United Kingdom
A56: NPD-P129 | B56: Clear Doy Pack | E56: Bag | F56: Approved | G56: 100 | H56: Shelf life selected to allow approval - not accurate | I56: Primary | J56: Plastic | M56: PET12/NY15/PE120 | N56: Clear | P56: No | Q56: 11 | S56: -20 | T56: 90 | U56: 45 | V56: 140 | W56: 220 | Y56: 3525.4 | Z56: MOQ | AA56: 2 | AB56: Years | AK56: Days | AM56: China | AN56: China
A57: NPD-P130 | B57: Panibois Baron | E57: Tray | F57: Approved | G57: 100 | I57: Primary | J57: Wood | M57: Poplar/Beech (Paper: Siliconised unbleached baking paper) | N57: Brown | P57: No | S57: 0 | T57: 240 | U57: 205 | V57: 110 | W57: 60 | Y57: 0.588 | Z57: Each | AA57: 2 | AB57: Years | AK57: Days | AM57: France
A58: NPD-P131 | B58: Mince Pie Sleeves (Fit 6 Compartment Box) | E58: Sleeve | F58: Approved | G58: 100 | I58: Secondary | J58: Cardboard | P58: No | Y58: 1258 | Z58: 5000's | AK58: Days
A59: NPD-P132 | B59: CapKold bag | D59: 1045-32-5105-AHS-BL-9 | E59: Bag | F59: Approved | G59: 100 | H59: Includes Clip | I59: Primary | J59: Plastic | L59: 114 | M59: Co-extruded 7 layer film | N59: Blue | O59: 0 | P59: Yes | Q59: 3.99 | S59: -29 | T59: 100 | U59: 250 | V59: 800 | Y59: 0.56 | Z59: Each | AA59: 2 | AB59: Years | AK59: Days | AM59: United Kingdom | AN59: United Kingdom
A60: NPD-P134 | B60: Doypack Topper | E60: Topper | F60: Approved | G60: 100 | I60: Secondary | J60: Cardboard | P60: No | Q60: 8 | U60: 118 | V60: 240 | Y60: 14.6 | Z60: Box | AA60: 2 | AB60: Years | AK60: Days
A61: NPD-P136 | B61: Clear Counter Wrap | E61: Film | F61: Approved | G61: 100 | I61: Primary | J61: Plastic | M61: BOPP | N61: Clear | P61: No | Y61: 0.05 | Z61: Each | AA61: 2 | AB61: Years | AK61: Days | AP61: M not confirmed her supplier as of yet. Accrued Plastic 10x 15 Counter Wrap Biaxially Orientated Polypropylene (BOPP) Film.
A62: NPD-P137 | B62: Biodegradable Bag 9" x 12" | E62: Bag | F62: Approved | G62: 100 | I62: Primary | J62: Bio Degradable | L62: 37.5 | M62: Polythene | P62: No | S62: 0 | T62: 20 | U62: 229 | V62: 305 | Y62: 44 | Z62: Case | AA62: 1 | AB62: Years | AK62: Days
A63: NPD-P138 | B63: 9x9x3" Quick Serve Box | D63: C/0038 | E63: Box | F63: Approved | G63: 100 | I63: Primary | J63: Paper | M63: paper, | N63: white | O63: 100 | P63: Yes | Q63: 47.5 | U63: 320 | V63: 290 | W63: 400 | Y63: 0.275 | Z63: Pack | AA63: 1 | AB63: Years | AJ63: 28 | AK63: Days | AL63: 5000 | AM63: Norway | AN63: United Kingdom
A64: NPD-P141 | B64: Plasticoat | D64: 12-2024 | E64: Plasticoat | F64: Approved | G64: 100 | I64: Primary | J64: Bio Degradable | M64: copolymer dispersion | P64: No | Y64: 258 | Z64: Tub | AA64: 6 | AB64: Months | AK64: Days | AM64: The Netherlands | AN64: The Netherlands
A65: NPD-P142 | B65: 30um Natureflex | E65: Film | F65: Approved | G65: 100 | H65: 270x270 30um Natureflex 1 hole per square inch 1000 sheets 85.48 | I65: Primary | J65: Plastic | L65: 30 | M65: Natureflex | P65: No | S65: 17 | T65: 23 | Y65: 0.08 | Z65: Each | AA65: 2 | AB65: Years | AJ65: 5 | AK65: Days
A66: NPD-P145 | B66: Custard Foil 78mm | E66: Tin | F66: Approved | G66: 100 | I66: Primary | J66: Metal | M66: Aluminium | N66: Silver | O66: 76 | P66: No | Q66: 1.02 | S66: -30 | T66: 350 | U66: 77 | V66: 68 | W66: 32 | Y66: 140.4 | Z66: Case | AA66: 24 | AB66: Months | AK66: Days | AM66: Turkey | AN66: United Kingdom
A67: NPD-P146 | B67: Double Wall Cardboard Box | D67: CDW159.7505 | E67: Box | F67: Approved | G67: 100 | H67: Specification unavailable, uploaded all available details received via email | I67: Secondary | J67: Cardboard | M67: Paper | N67: Brown | O67: 100 | P67: Yes | Q67: 247 | U67: 248 | V67: 381 | W67: 127 | Y67: 552 | Z67: Units | AA67: 2 | AB67: Years | AJ67: 10 | AK67: Days | AM67: United Kingdom | AN67: United Kingdom
A68: NPD-P147 | B68: Low Shrink Force Film 12.5my 350mm | D68: F-ILP-FI-LSF-350MM | E68: Film | F68: Approved | G68: 100 | I68: Primary | J68: Plastic | L68: 12.5 | N68: Clear | P68: No | U68: 350 | V68: 165000 | Y68: 85 | Z68: Roll | AA68: 2 | AB68: Years | AK68: Days | AM68: Portugal | AN68: Portugal
A69: NPD-P148 | B69: PP-TOM Pouce Baking Basket 115X60X35MM | D69: PP-TOM | E69: Tray | F69: Approved | G69: 100 | H69: with baking paper liners | I69: Primary | J69: Wood | M69: Wood | N69: beige | P69: Yes | U69: 115 | V69: 60 | W69: 35 | Y69: 195 | Z69: case | AA69: 2 | AB69: Years | AK69: Days
A70: NPD-P149 | B70: PPSL Aluminium Alloy Clips | D70: TZ411-P | E70: Unassigned | F70: Approved | G70: 100 | H70: Clips for CapKold Bags, NPD-P132 | I70: Secondary | J70: Metal | M70: Aluminium | N70: aluminium | O70: 0 | P70: Yes | Q70: 0 | U70: 19.75 | V70: 21.4 | Y70: 0 | Z70: Case | AA70: 2 | AB70: Years | AK70: Days | AM70: United Kingdom | AN70: United Kingdom
A71: NPD-P150 | B71: Compostable Bags with Side Gussets, Natureflex Film - 76 x 254mm | D71: NFB0310GU | E71: Bag | F71: Approved | G71: 100 | I71: Primary | J71: Bio Degradable | L71: 30 | M71: compostable film | N71: transparent | O71: 0 | P71: Yes | U71: 76 | V71: 50 | W71: 254 | Y71: 16.32 | Z71: Box | AA71: 6 | AB71: Months | AK71: Days | AM71: United Kingdom | AN71: United Kingdom
A72: NPD-P151 | B72: Stand Up Pouch Duo 120x210mm | E72: Sachet | F72: Approved | G72: 100 | I72: Primary | J72: Plastic | L72: 120 | M72: Pet 12mµ, BOPA (NY) 15 mµ, Ldpe 150 mµ | N72: transparent | O72: 0 | P72: Yes | U72: 120 | W72: 210 | Y72: 0.8 | Z72: Each | AA72: 2 | AB72: Years | AK72: Days | AM72: United Kingdom | AN72: United Kingdom
A73: NPD-P153 | B73: Gold Silver Board 165X250 600GSM | D73: SBH165250 | E73: Tray | F73: Approved | G73: 100 | I73: Primary | J73: Laminated Boards | L73: 800 | M73: Cardboard | N73: gold, silver | O73: 0 | P73: No | Q73: 25 | R73: 600gsm | U73: 165 | V73: 250 | Y73: 155.94 | Z73: Each | AA73: 2 | AB73: Years | AK73: Days | AM73: Holland | AN73: Holland
A74: NPD-P161 | B74: 2 Litre Plastic White Tamper Evident Bucket with Plastic Handle and Lid | D74: PPT01-01-042 | E74: Tub Pot | F74: Approved | G74: 100 | H74: White 2L bucket Matching lid included Food Grade and BPA free: suitable for catering use Swing down handle: for easy carrying Polypropylene( PP) plastic: hygienic and practical Tamper evident: keeps the contents safe Sustainable: recyclable after use Suitable for IML custom printing: perfect for promotion | I74: Primary | J74: Plastic | M74: Polypropylene | N74: White | O74: 100 | P74: Yes | Q74: 80 | U74: 168 | V74: 168 | W74: 154 | Y74: 1335.15 | Z74: Pallet | AA74: 2 | AB74: Years | AK74: Days | AM74: Lithuania | AN74: Lithuania
A75: NPD-P164 | B75: Gold Silver Board 170x240mm 600GSM | D75: SBH165250 | E75: Tray | F75: Approved | G75: 100 | H75: Glue Laminated on one side to gold polyester, silver polyester to reverse side,: | I75: Primary | J75: Laminated Boards | L75: 800 | M75: Cardboard | N75: gold, silver | O75: 70 | P75: No | Q75: 25 | R75: 600gsm | U75: 165 | V75: 250 | Y75: 16.2 | Z75: Case | AA75: 2 | AB75: Years | AK75: Days | AM75: Holland | AN75: Holland
A76: NPD-P165 | B76: Butchers Red/White Standard Netting | D76: 15022101 | E76: Netting | F76: Approved | G76: 100 | I76: Primary | J76: Plastic | P76: No | S76: 8 | T76: 25 | U76: 75 | V76: 140 | Y76: 14.4 | Z76: Case | AA76: 2 | AB76: Years | AK76: Days
A77: NPD-P169 | B77: Clear Cellophane Gusseted Display Bags | D77: SKU: PPB071118GU | E77: Bag | F77: Approved | G77: 100 | H77: 178 x 456mm +97mm Gusset | I77: Primary | J77: Plastic | L77: 40 | M77: Polypropylene | N77: Transparent | O77: 100 | P77: Yes | U77: 97 | V77: 178 | W77: 456 | Y77: 17 | Z77: Case | AA77: 6 | AB77: Months | AK77: Days | AM77: United Kingdom | AN77: United Kingdom
A78: NPD-P170 | B78: 180 X 270 + 80 OCB Biltong Pouch | E78: Bag | F78: Approved | G78: 100 | I78: Primary | J78: Plastic | L78: 90-120 | M78: PE Matt 25mic PE matt EVOH 120mic | N78: Pre printed | O78: 0 | P78: Yes | U78: 80 | V78: 180 | W78: 270 | Y78: 0.3544 | Z78: Each | AA78: 2 | AB78: Years | AK78: Days | AM78: United Kingdom | AN78: United Kingdom
A79: NPD-P171 | B79: 100 x 300 Commercial Vacuum Bags (200) | D79: 04102101 | E79: Bag | F79: Approved | G79: 100 | I79: Primary | J79: Plastic | M79: PA/PE | N79: clear | O79: 0 | P79: Yes | U79: 100 | V79: 300 | Y79: 8.7 | Z79: Case | AA79: 12 | AB79: Months | AK79: Days | AM79: India | AN79: India
A80: NPD-P172 | B80: Hot Cross Buns Cards - Kraft Backed Lam - Rounded Corners 210 x 180 | E80: Tray | F80: Approved | G80: 100 | I80: Primary | J80: Laminated Boards | L80: 510 | M80: 510mic kraft backed board | N80: Gloss laminate face | O80: 100 | P80: Yes | U80: 210 | V80: 180 | Y80: 821 | Z80: Case | AA80: 2 | AB80: Years | AK80: Days | AM80: Italy, France, Germany, Spain, Belgium, Turkey, Albania, Andorra, Armenia, Azerbaijan, Belarus, Bosnia & Herzegovina, Georgia, Iceland, Kosovo, Liechtenstein, North Macedonia, Moldova, Monaco, Montenegro, Norway, Russia, San Marino, Serbia, Switzerland, Ukraine, Austria, Bulgaria, Croatia, Cyprus, Czech Republic, Denmark, Estonia, Finland, Greece, Hungary, Ireland, Latvia, Lithuania, Luxembourg, Malta, The Netherlands, Poland, Portugal, Romania, Slovakia, Slovenia, Sweden, United Kingdom, Kazakhstan | AN80: Italy, France, Germany, Spain, Belgium, Turkey, Albania, Andorra, Armenia, Azerbaijan, Belarus, Bosnia & Herzegovina, Georgia, Iceland, Kosovo, Liechtenstein, North Macedonia, Moldova, Monaco, Montenegro, Norway, Russia, San Marino, Serbia, Switzerland, Ukraine, Austria, Bulgaria, Croatia, Cyprus, Czech Republic, Denmark, Estonia, Finland, Greece, Hungary, Ireland, Latvia, Lithuania, Luxembourg, Malta, The Netherlands, Poland, Portugal, Romania, Slovakia, Slovenia, Sweden, United Kingdom, Kazakhstan
A81: NPD-P174 | B81: 200g 6 x Square Cheese | D81: AB 539732 | E81: Outer Case | F81: Approved | G81: 100 | H81: Waterlip, Sutton Brue | I81: Secondary | J81: Cardboard | M81: paper | O81: 100 | P81: Yes | Q81: 66 | U81: 234 | V81: 105 | W81: 99 | Y81: 222 | Z81: 1000's @ 3000 | AA81: 2 | AB81: Years | AK81: Days | AM81: United Kingdom | AN81: United Kingdom
A82: NPD-P175 | B82: 6 x 375ml Tub Outer Case | D82: AB 253013 | E82: Outer Case | F82: Approved | G82: 100 | H82: Mozzarella, Plain Yoghurt | I82: Secondary | J82: Cardboard | M82: paper | O82: 100 | P82: No | Q82: 134 | U82: 203 | V82: 312 | W82: 88 | Y82: 279 | Z82: 1000's @ 2500 | AA82: 2 | AB82: Years | AK82: Days | AM82: United Kingdom | AN82: United Kingdom
A83: NPD-P176 | B83: 6 x 155ml Tub Outer Case | D83: AB 253011 | E83: Outer Case | F83: Approved | G83: 100 | H83: Yoghurt, Hangop | I83: Secondary | J83: Cardboard | M83: paper | O83: 100 | P83: No | Q83: 72 | U83: 144 | V83: 217 | W83: 74 | Y83: 405 | Z83: 1000's @ 2500 | AA83: 2 | AB83: Years | AK83: Days | AM83: United Kingdom | AN83: United Kingdom
A84: NPD-P177 | B84: 6 x D13/13 Outer Case | D84: AB 253012 | E84: Outer Case | F84: Approved | G84: 100 | I84: Secondary | J84: Cardboard | M84: paper | N84: Brown | O84: 100 | P84: Yes | Q84: 114 | U84: 173 | V84: 243 | W84: 130 | Y84: 257 | Z84: 1000's @ 2500 | AA84: 2 | AB84: Years | AK84: Days | AM84: United Kingdom | AN84: United Kingdom
A85: NPD-P178 | B85: 6 x D13/37 Outer Case | D85: AB 539758 | E85: Outer Case | F85: Approved | G85: 100 | I85: Secondary | J85: Cardboard | M85: Paper | N85: Brown | P85: No | Q85: 203.49 | U85: 243 | V85: 340 | W85: 119 | Y85: 344 | Z85: 1000's @ 2500 | AA85: 2 | AB85: Years | AK85: Days | AM85: United Kingdom | AN85: United Kingdom
A86: NPD-P180 | B86: Gelato Hospitality Outer Sleeve (5l) | E86: Sleeve | F86: Approved | G86: 100 | I86: Secondary | J86: Cardboard | L86: 500 | N86: White | P86: No | U86: 184 | V86: 590 | Y86: 715 | Z86: 2500's | AA86: 5 | AB86: Years | AK86: Days
A87: NPD-P181 | B87: 6 x D13/45 Outer Case | D87: AB 539757 | E87: Outer Case | F87: Approved | G87: 100 | I87: Secondary | J87: Cardboard | M87: paper | N87: Brown | P87: No | Q87: 203 | U87: 243 | V87: 340 | W87: 150 | Y87: 363 | Z87: 1000's @ 2500 | AA87: 2 | AB87: Years | AK87: Days | AM87: United Kingdom | AN87: United Kingdom

Sheet Units Of Measure
A1: Code | B1: Description | C1: UoM | D1: Quantity | E1: Reference UoM | F1: Ref Quantity | G1: Is Default
A2: NPD-P7 | B2: =IFERROR(VLOOKUP(A2,Packaging!A:B,2,0), "") | C2: Each | D2: 1000 | E2: Box | F2: 1 | G2: No
A3: NPD-P8 | B3: =IFERROR(VLOOKUP(A3,Packaging!A:B,2,0), "") | C3: Each | D3: 4000 | E3: Box | F3: 1 | G3: No
A4: NPD-P15 | B4: =IFERROR(VLOOKUP(A4,Packaging!A:B,2,0), "") | C4: Each | D4: 100 | E4: Case | F4: 1 | G4: Yes
A5: NPD-P16 | B5: =IFERROR(VLOOKUP(A5,Packaging!A:B,2,0), "") | C5: Each | D5: 1000 | E5: Case | F5: 1 | G5: Yes
A6: NPD-P23 | B6: =IFERROR(VLOOKUP(A6,Packaging!A:B,2,0), "") | C6: Each | D6: 1000 | E6: Box | F6: 1 | G6: No
A7: NPD-P24 | B7: =IFERROR(VLOOKUP(A7,Packaging!A:B,2,0), "") | C7: Each | D7: 1000 | E7: Box | F7: 1 | G7: No
A8: NPD-P25 | B8: =IFERROR(VLOOKUP(A8,Packaging!A:B,2,0), "") | C8: Each | D8: 1000 | E8: Box | F8: 1 | G8: No
A9: NPD-P30 | B9: =IFERROR(VLOOKUP(A9,Packaging!A:B,2,0), "") | C9: Each | D9: 1000 | E9: Box | F9: 1 | G9: No
A10: NPD-P32 | B10: =IFERROR(VLOOKUP(A10,Packaging!A:B,2,0), "") | C10: Each | D10: 500 | E10: Box | F10: 1 | G10: No
A11: NPD-P46 | B11: =IFERROR(VLOOKUP(A11,Packaging!A:B,2,0), "") | C11: Each | D11: 250 | E11: Box | F11: 1 | G11: No
A12: NPD-P52 | B12: =IFERROR(VLOOKUP(A12,Packaging!A:B,2,0), "") | C12: Each | D12: 1000 | E12: Pack | F12: 1 | G12: No
A13: NPD-P55 | B13: =IFERROR(VLOOKUP(A13,Packaging!A:B,2,0), "") | C13: Each | D13: 2500 | E13: 2500's | F13: 1 | G13: No
... A63: NPD-P181 | B63: =IFERROR(VLOOKUP(A63,Packaging!A:B,2,0), "") | C63: Each | D63: 1000 | E63: 1000's @ 2500 | F63: 1 | G63: No

Sheet Suppliers
A1: Code | B1: Description | C1: Supplier Code | D1: Supplier | E1: Supplier Address | F1: Ext. Code | G1: Is Primary Supplier
A2: NPD-P2 | B2: =IFERROR(VLOOKUP(A2,Packaging!A:B,2,0), "") | C2: S95 | D2: =IFERROR(VLOOKUP(C2,Reference!O:P,2,0), "") | E2: Vale Labels | UNit G | TA21 9JF | G2: Yes
A3: NPD-P7 | B3: =IFERROR(VLOOKUP(A3,Packaging!A:B,2,0), "") | C3: S40 | D3: =IFERROR(VLOOKUP(C3,Reference!O:P,2,0), "") | G3: No
A4: NPD-P7 | B4: =IFERROR(VLOOKUP(A4,Packaging!A:B,2,0), "") | C4: S43 | D4: =IFERROR(VLOOKUP(C4,Reference!O:P,2,0), "") | E4: Alliance Wales & West | Unit M Trecenydd Business Park | CF3 4EP | G4: Yes
A5: NPD-P8 | B5: =IFERROR(VLOOKUP(A5,Packaging!A:B,2,0), "") | C5: S40 | D5: =IFERROR(VLOOKUP(C5,Reference!O:P,2,0), "") | G5: Yes
A6: NPD-P15 | B6: =IFERROR(VLOOKUP(A6,Packaging!A:B,2,0), "") | C6: S42 | D6: =IFERROR(VLOOKUP(C6,Reference!O:P,2,0), "") | G6: Yes
A7: NPD-P16 | B7: =IFERROR(VLOOKUP(A7,Packaging!A:B,2,0), "") | C7: S42 | D7: =IFERROR(VLOOKUP(C7,Reference!O:P,2,0), "") | G7: Yes
A8: NPD-P23 | B8: =IFERROR(VLOOKUP(A8,Packaging!A:B,2,0), "") | C8: S43 | D8: =IFERROR(VLOOKUP(C8,Reference!O:P,2,0), "") | G8: No
A9: NPD-P24 | B9: =IFERROR(VLOOKUP(A9,Packaging!A:B,2,0), "") | C9: S43 | D9: =IFERROR(VLOOKUP(C9,Reference!O:P,2,0), "") | G9: No
A10: NPD-P25 | B10: =IFERROR(VLOOKUP(A10,Packaging!A:B,2,0), "") | C10: S43 | D10: =IFERROR(VLOOKUP(C10,Reference!O:P,2,0), "") | G10: No
A11: NPD-P30 | B11: =IFERROR(VLOOKUP(A11,Packaging!A:B,2,0), "") | C11: S40 | D11: =IFERROR(VLOOKUP(C11,Reference!O:P,2,0), "") | G11: Yes
A12: NPD-P32 | B12: =IFERROR(VLOOKUP(A12,Packaging!A:B,2,0), "") | C12: S41 | D12: =IFERROR(VLOOKUP(C12,Reference!O:P,2,0), "") | G12: Yes
A13: NPD-P37 | B13: =IFERROR(VLOOKUP(A13,Packaging!A:B,2,0), "") | C13: S48 | D13: =IFERROR(VLOOKUP(C13,Reference!O:P,2,0), "") | G13: Yes
A14: NPD-P46 | B14: =IFERROR(VLOOKUP(A14,Packaging!A:B,2,0), "") | C14: S47 | D14: =IFERROR(VLOOKUP(C14,Reference!O:P,2,0), "") | G14: Yes
A15: NPD-P52 | B15: =IFERROR(VLOOKUP(A15,Packaging!A:B,2,0), "") | C15: S40 | D15: =IFERROR(VLOOKUP(C15,Reference!O:P,2,0), "") | G15: Yes
A16: NPD-P53 | B16: =IFERROR(VLOOKUP(A16,Packaging!A:B,2,0), "") | C16: S68 | D16: =IFERROR(VLOOKUP(C16,Reference!O:P,2,0), "") | E16: Cedar Packaging Group | Unit 3 | SO51 9DJ | G16: No
A17: NPD-P55 | B17: =IFERROR(VLOOKUP(A17,Packaging!A:B,2,0), "") | C17: S98 | D17: =IFERROR(VLOOKUP(C17,Reference!O:P,2,0), "") | E17: Newton Print Ltd | Collett Way | TQ12 4PH | G17: Yes
A18: NPD-P56 | B18: =IFERROR(VLOOKUP(A18,Packaging!A:B,2,0), "") | C18: S98 | D18: =IFERROR(VLOOKUP(C18,Reference!O:P,2,0), "") | E18: Newton Print Ltd | Collett Way | TQ12 4PH | G18: Yes
A19: NPD-P64 | B19: =IFERROR(VLOOKUP(A19,Packaging!A:B,2,0), "") | C19: S77 | D19: =IFERROR(VLOOKUP(C19,Reference!O:P,2,0), "") | G19: Yes
A20: NPD-P65 | B20: =IFERROR(VLOOKUP(A20,Packaging!A:B,2,0), "") | C20: S82 | D20: =IFERROR(VLOOKUP(C20,Reference!O:P,2,0), "") | G20: No
A21: NPD-P66 | B21: =IFERROR(VLOOKUP(A21,Packaging!A:B,2,0), "") | C21: S78 | D21: =IFERROR(VLOOKUP(C21,Reference!O:P,2,0), "") | G21: Yes
A22: NPD-P70 | B22: =IFERROR(VLOOKUP(A22,Packaging!A:B,2,0), "") | C22: S45 | D22: =IFERROR(VLOOKUP(C22,Reference!O:P,2,0), "") | G22: Yes
A23: NPD-P71 | B23: =IFERROR(VLOOKUP(A23,Packaging!A:B,2,0), "") | C23: S47 | D23: =IFERROR(VLOOKUP(C23,Reference!O:P,2,0), "") | E23: Unit 1B | Lyon Way Greenford | UB6 0AQ | G23: No
A24: NPD-P74 | B24: =IFERROR(VLOOKUP(A24,Packaging!A:B,2,0), "") | C24: S77 | D24: =IFERROR(VLOOKUP(C24,Reference!O:P,2,0), "") | G24: Yes
A25: NPD-P75 | B25: =IFERROR(VLOOKUP(A25,Packaging!A:B,2,0), "") | C25: S82 | D25: =IFERROR(VLOOKUP(C25,Reference!O:P,2,0), "") | G25: Yes
A26: NPD-P79 | B26: =IFERROR(VLOOKUP(A26,Packaging!A:B,2,0), "") | C26: S89 | D26: =IFERROR(VLOOKUP(C26,Reference!O:P,2,0), "") | G26: Yes
A27: NPD-P84 | B27: =IFERROR(VLOOKUP(A27,Packaging!A:B,2,0), "") | C27: S40 | D27: =IFERROR(VLOOKUP(C27,Reference!O:P,2,0), "") | G27: Yes
A28: NPD-P86 | B28: =IFERROR(VLOOKUP(A28,Packaging!A:B,2,0), "") | C28: S90 | D28: =IFERROR(VLOOKUP(C28,Reference!O:P,2,0), "") | G28: Yes
A29: NPD-P87 | B29: =IFERROR(VLOOKUP(A29,Packaging!A:B,2,0), "") | C29: S90 | D29: =IFERROR(VLOOKUP(C29,Reference!O:P,2,0), "") | G29: Yes
A30: NPD-P88 | B30: =IFERROR(VLOOKUP(A30,Packaging!A:B,2,0), "") | C30: S90 | D30: =IFERROR(VLOOKUP(C30,Reference!O:P,2,0), "") | G30: Yes
A31: NPD-P89 | B31: =IFERROR(VLOOKUP(A31,Packaging!A:B,2,0), "") | C31: S91 | D31: =IFERROR(VLOOKUP(C31,Reference!O:P,2,0), "") | G31: Yes
A32: NPD-P90 | B32: =IFERROR(VLOOKUP(A32,Packaging!A:B,2,0), "") | C32: S91 | D32: =IFERROR(VLOOKUP(C32,Reference!O:P,2,0), "") | G32: Yes
A33: NPD-P91 | B33: =IFERROR(VLOOKUP(A33,Packaging!A:B,2,0), "") | C33: S91 | D33: =IFERROR(VLOOKUP(C33,Reference!O:P,2,0), "") | G33: Yes
A34: NPD-P92 | B34: =IFERROR(VLOOKUP(A34,Packaging!A:B,2,0), "") | C34: S91 | D34: =IFERROR(VLOOKUP(C34,Reference!O:P,2,0), "") | G34: No
A35: NPD-P93 | B35: =IFERROR(VLOOKUP(A35,Packaging!A:B,2,0), "") | C35: S91 | D35: =IFERROR(VLOOKUP(C35,Reference!O:P,2,0), "") | G35: Yes
A36: NPD-P94 | B36: =IFERROR(VLOOKUP(A36,Packaging!A:B,2,0), "") | C36: S91 | D36: =IFERROR(VLOOKUP(C36,Reference!O:P,2,0), "") | G36: Yes
A37: NPD-P96 | B37: =IFERROR(VLOOKUP(A37,Packaging!A:B,2,0), "") | C37: S42 | D37: =IFERROR(VLOOKUP(C37,Reference!O:P,2,0), "") | E37: Ambican UK | Unit 6 Commercial Way | NW10 7FX | G37: Yes
A38: NPD-P98 | B38: =IFERROR(VLOOKUP(A38,Packaging!A:B,2,0), "") | C38: S40 | D38: =IFERROR(VLOOKUP(C38,Reference!O:P,2,0), "") | G38: Yes
A39: NPD-P99 | B39: =IFERROR(VLOOKUP(A39,Packaging!A:B,2,0), "") | C39: S89 | D39: =IFERROR(VLOOKUP(C39,Reference!O:P,2,0), "") | G39: Yes
A40: NPD-P100 | B40: =IFERROR(VLOOKUP(A40,Packaging!A:B,2,0), "") | C40: S40 | D40: =IFERROR(VLOOKUP(C40,Reference!O:P,2,0), "") | G40: Yes
A41: NPD-P101 | B41: =IFERROR(VLOOKUP(A41,Packaging!A:B,2,0), "") | C41: S98 | D41: =IFERROR(VLOOKUP(C41,Reference!O:P,2,0), "") | G41: Yes
A42: NPD-P103 | B42: =IFERROR(VLOOKUP(A42,Packaging!A:B,2,0), "") | C42: S95 | D42: =IFERROR(VLOOKUP(C42,Reference!O:P,2,0), "") | G42: Yes
A43: NPD-P106 | B43: =IFERROR(VLOOKUP(A43,Packaging!A:B,2,0), "") | C43: S83 | D43: =IFERROR(VLOOKUP(C43,Reference!O:P,2,0), "") | G43: Yes
A44: NPD-P111 | B44: =IFERROR(VLOOKUP(A44,Packaging!A:B,2,0), "") | C44: S98 | D44: =IFERROR(VLOOKUP(C44,Reference!O:P,2,0), "") | G44: Yes
A45: NPD-P112 | B45: =IFERROR(VLOOKUP(A45,Packaging!A:B,2,0), "") | C45: S98 | D45: =IFERROR(VLOOKUP(C45,Reference!O:P,2,0), "") | G45: Yes
A46: NPD-P118 | B46: =IFERROR(VLOOKUP(A46,Packaging!A:B,2,0), "") | C46: S40 | D46: =IFERROR(VLOOKUP(C46,Reference!O:P,2,0), "") | G46: Yes
A47: NPD-P120 | B47: =IFERROR(VLOOKUP(A47,Packaging!A:B,2,0), "") | C47: S98 | D47: =IFERROR(VLOOKUP(C47,Reference!O:P,2,0), "") | G47: Yes
A48: NPD-P121 | B48: =IFERROR(VLOOKUP(A48,Packaging!A:B,2,0), "") | C48: S95 | D48: =IFERROR(VLOOKUP(C48,Reference!O:P,2,0), "") | E48: Vale Labels | UNit G | TA21 9JF | G48: Yes
A49: NPD-P123 | B49: =IFERROR(VLOOKUP(A49,Packaging!A:B,2,0), "") | C49: S123 | D49: =IFERROR(VLOOKUP(C49,Reference!O:P,2,0), "") | G49: Yes
A50: NPD-P124 | B50: =IFERROR(VLOOKUP(A50,Packaging!A:B,2,0), "") | C50: S98 | D50: =IFERROR(VLOOKUP(C50,Reference!O:P,2,0), "") | E50: Newton Print Ltd | Collett Way | TQ12 4PH | G50: Yes
A51: NPD-P125 | B51: =IFERROR(VLOOKUP(A51,Packaging!A:B,2,0), "") | C51: S98 | D51: =IFERROR(VLOOKUP(C51,Reference!O:P,2,0), "") | E51: Newton Print Ltd | Collett Way | TQ12 4PH | G51: Yes
A52: NPD-P126 | B52: =IFERROR(VLOOKUP(A52,Packaging!A:B,2,0), "") | C52: S98 | D52: =IFERROR(VLOOKUP(C52,Reference!O:P,2,0), "") | E52: Newton Print Ltd | Collett Way | TQ12 4PH | G52: Yes
A53: NPD-P127 | B53: =IFERROR(VLOOKUP(A53,Packaging!A:B,2,0), "") | C53: S98 | D53: =IFERROR(VLOOKUP(C53,Reference!O:P,2,0), "") | E53: Newton Print Ltd | Collett Way | TQ12 4PH | G53: Yes
A54: NPD-P129 | B54: =IFERROR(VLOOKUP(A54,Packaging!A:B,2,0), "") | C54: S132 | D54: =IFERROR(VLOOKUP(C54,Reference!O:P,2,0), "") | G54: Yes
A55: NPD-P130 | B55: =IFERROR(VLOOKUP(A55,Packaging!A:B,2,0), "") | C55: S42 | D55: =IFERROR(VLOOKUP(C55,Reference!O:P,2,0), "") | E55: Ambican UK | Unit 6 Commercial Way | NW10 7FX | G55: Yes
A56: NPD-P131 | B56: =IFERROR(VLOOKUP(A56,Packaging!A:B,2,0), "") | C56: S98 | D56: =IFERROR(VLOOKUP(C56,Reference!O:P,2,0), "") | E56: Newton Print Ltd | Collett Way | TQ12 4PH | G56: Yes
A57: NPD-P132 | B57: =IFERROR(VLOOKUP(A57,Packaging!A:B,2,0), "") | C57: S134 | D57: =IFERROR(VLOOKUP(C57,Reference!O:P,2,0), "") | E57: Plascon Packaging UK | Tamworth Enterprise Centre | B79 7DN | G57: Yes
A58: NPD-P134 | B58: =IFERROR(VLOOKUP(A58,Packaging!A:B,2,0), "") | C58: S98 | D58: =IFERROR(VLOOKUP(C58,Reference!O:P,2,0), "") | E58: Newton Print Ltd | Collett Way | TQ12 4PH | G58: Yes
A59: NPD-P136 | B59: =IFERROR(VLOOKUP(A59,Packaging!A:B,2,0), "") | C59: S86 | D59: =IFERROR(VLOOKUP(C59,Reference!O:P,2,0), "") | G59: Yes
A60: NPD-P137 | B60: =IFERROR(VLOOKUP(A60,Packaging!A:B,2,0), "") | C60: S138 | D60: =IFERROR(VLOOKUP(C60,Reference!O:P,2,0), "") | G60: Yes
A61: NPD-P138 | B61: =IFERROR(VLOOKUP(A61,Packaging!A:B,2,0), "") | C61: S45 | D61: =IFERROR(VLOOKUP(C61,Reference!O:P,2,0), "") | E61: Head office | Abpac House Wessex Way | BA9 9RR | G61: Yes
A62: NPD-P141 | B62: =IFERROR(VLOOKUP(A62,Packaging!A:B,2,0), "") | C62: S156 | D62: =IFERROR(VLOOKUP(C62,Reference!O:P,2,0), "") | E62: PD Smales and Son, (Partnership) | Lyburn Farm | SP5 2DN | G62: Yes
A63: NPD-P142 | B63: =IFERROR(VLOOKUP(A63,Packaging!A:B,2,0), "") | C63: S147 | D63: =IFERROR(VLOOKUP(C63,Reference!O:P,2,0), "") | E63: Protos Packaging Limited | Burma Road | GL13 9UQ | G63: No
A64: NPD-P145 | B64: =IFERROR(VLOOKUP(A64,Packaging!A:B,2,0), "") | C64: S45 | D64: =IFERROR(VLOOKUP(C64,Reference!O:P,2,0), "") | E64: Head office | Abpac House Wessex Way | BA9 9RR | G64: Yes
A65: NPD-P146 | B65: =IFERROR(VLOOKUP(A65,Packaging!A:B,2,0), "") | C65: S122 | D65: =IFERROR(VLOOKUP(C65,Reference!O:P,2,0), "") | E65: Kite Packaging | Puma Park | CV3 4GB | G65: Yes
A66: NPD-P147 | B66: =IFERROR(VLOOKUP(A66,Packaging!A:B,2,0), "") | C66: S132 | D66: =IFERROR(VLOOKUP(C66,Reference!O:P,2,0), "") | E66: Units 5-7, RO24 Avro Gate | SN3 4AG | G66: Yes
A67: NPD-P148 | B67: =IFERROR(VLOOKUP(A67,Packaging!A:B,2,0), "") | C67: S42 | D67: =IFERROR(VLOOKUP(C67,Reference!O:P,2,0), "") | E67: Ambican UK | Unit 6 Commercial Way | NW10 7FX | G67: Yes
A68: NPD-P149 | B68: =IFERROR(VLOOKUP(A68,Packaging!A:B,2,0), "") | C68: S134 | D68: =IFERROR(VLOOKUP(C68,Reference!O:P,2,0), "") | E68: Plascon Packaging UK | Tamworth Enterprise Centre | B79 7DN | G68: Yes
A69: NPD-P150 | B69: =IFERROR(VLOOKUP(A69,Packaging!A:B,2,0), "") | C69: S149 | D69: =IFERROR(VLOOKUP(C69,Reference!O:P,2,0), "") | E69: Transpack Ltd | Unit K Griffin Industrial Park, | SO40 3SH | G69: Yes
A70: NPD-P150 | B70: =IFERROR(VLOOKUP(A70,Packaging!A:B,2,0), "") | C70: S152 | D70: =IFERROR(VLOOKUP(C70,Reference!O:P,2,0), "") | E70: Futamura Chemical Ltd | Station Road | CA7 9DS | G70: No
A71: NPD-P151 | B71: =IFERROR(VLOOKUP(A71,Packaging!A:B,2,0), "") | C71: S150 | D71: =IFERROR(VLOOKUP(C71,Reference!O:P,2,0), "") | G71: Yes
A72: NPD-P153 | B72: =IFERROR(VLOOKUP(A72,Packaging!A:B,2,0), "") | C72: S40 | D72: =IFERROR(VLOOKUP(C72,Reference!O:P,2,0), "") | E72: Scobie & Junor (Estd. 1919) Ltd. | 1 Singer Road | G75 0XS | G72: Yes
A73: NPD-P161 | B73: =IFERROR(VLOOKUP(A73,Packaging!A:B,2,0), "") | C73: S157 | D73: =IFERROR(VLOOKUP(C73,Reference!O:P,2,0), "") | G73: Yes
A74: NPD-P164 | B74: =IFERROR(VLOOKUP(A74,Packaging!A:B,2,0), "") | C74: S74 | D74: =IFERROR(VLOOKUP(C74,Reference!O:P,2,0), "") | E74: WESCHENFELDER DIRECT LTD | UNIT 10 COPELAND COURT | TS2 1RN | G74: Yes
A75: NPD-P165 | B75: =IFERROR(VLOOKUP(A75,Packaging!A:B,2,0), "") | C75: S74 | D75: =IFERROR(VLOOKUP(C75,Reference!O:P,2,0), "") | E75: WESCHENFELDER DIRECT LTD | UNIT 10 COPELAND COURT | TS2 1RN | G75: Yes
A76: NPD-P169 | B76: =IFERROR(VLOOKUP(A76,Packaging!A:B,2,0), "") | C76: S149 | D76: =IFERROR(VLOOKUP(C76,Reference!O:P,2,0), "") | E76: Transpack Ltd | Unit K Griffin Industrial Park, | SO40 3SH | G76: Yes
A77: NPD-P170 | B77: =IFERROR(VLOOKUP(A77,Packaging!A:B,2,0), "") | C77: S77 | D77: =IFERROR(VLOOKUP(C77,Reference!O:P,2,0), "") | G77: Yes
A78: NPD-P171 | B78: =IFERROR(VLOOKUP(A78,Packaging!A:B,2,0), "") | C78: S74 | D78: =IFERROR(VLOOKUP(C78,Reference!O:P,2,0), "") | E78: WESCHENFELDER DIRECT LTD | UNIT 10 COPELAND COURT | TS2 1RN | G78: Yes
A79: NPD-P172 | B79: =IFERROR(VLOOKUP(A79,Packaging!A:B,2,0), "") | C79: S98 | D79: =IFERROR(VLOOKUP(C79,Reference!O:P,2,0), "") | E79: Newton Print Ltd | Collett Way | TQ12 4PH | G79: Yes
A80: NPD-P174 | B80: =IFERROR(VLOOKUP(A80,Packaging!A:B,2,0), "") | C80: S161 | D80: =IFERROR(VLOOKUP(C80,Reference!O:P,2,0), "") | G80: Yes
A81: NPD-P175 | B81: =IFERROR(VLOOKUP(A81,Packaging!A:B,2,0), "") | C81: S161 | D81: =IFERROR(VLOOKUP(C81,Reference!O:P,2,0), "") | G81: Yes
A82: NPD-P176 | B82: =IFERROR(VLOOKUP(A82,Packaging!A:B,2,0), "") | C82: S161 | D82: =IFERROR(VLOOKUP(C82,Reference!O:P,2,0), "") | G82: Yes
A83: NPD-P177 | B83: =IFERROR(VLOOKUP(A83,Packaging!A:B,2,0), "") | C83: S161 | D83: =IFERROR(VLOOKUP(C83,Reference!O:P,2,0), "") | G83: Yes
A84: NPD-P178 | B84: =IFERROR(VLOOKUP(A84,Packaging!A:B,2,0), "") | C84: S161 | D84: =IFERROR(VLOOKUP(C84,Reference!O:P,2,0), "") | G84: Yes
A85: NPD-P180 | B85: =IFERROR(VLOOKUP(A85,Packaging!A:B,2,0), "") | C85: S98 | D85: =IFERROR(VLOOKUP(C85,Reference!O:P,2,0), "") | E85: Newton Print Ltd | Collett Way | TQ12 4PH | G85: Yes
A86: NPD-P181 | B86: =IFERROR(VLOOKUP(A86,Packaging!A:B,2,0), "") | C86: S161 | D86: =IFERROR(VLOOKUP(C86,Reference!O:P,2,0), "") | G86: Yes

Sheet Manufacturers
A1: Code | B1: Description | C1: Supplier Code | D1: Supplier | E1: Supplier Address | F1: Manufacturer Code | G1: Manufacturer | H1: Manufacturer Address | I1: Ext. Code
A2: NPD-P65 | B2: =IFERROR(VLOOKUP(A2,Packaging!A:B,2,0), "") | C2: S82 | D2: =IFERROR(VLOOKUP(C2,Reference!O:P,2,0), "") | F2: S87 | G2: =IFERROR(VLOOKUP(F2,Reference!O:P,2,0), "")
A3: NPD-P150 | B3: =IFERROR(VLOOKUP(A3,Packaging!A:B,2,0), "") | C3: S149 | D3: =IFERROR(VLOOKUP(C3,Reference!O:P,2,0), "") | E3: Transpack Ltd | Unit K Griffin Industrial Park, | SO40 3SH | F3: S152 | G3: =IFERROR(VLOOKUP(F3,Reference!O:P,2,0), "")

Sheet Reference
A1: Status | C1: Categories | E1: Usage | G1: Material Class | I1: Tags | K1: Recyclabilities | M1: Countries | O1: Suppliers | T1: Shelf Life Periods | V1: Shelf Life After Open Periods
A3: Description | C3: Description | E3: Description | G3: Description | I3: Description | K3: Description | M3: Description | O3: Supplier Code | P3: Description | Q3: Status | R3: Categories | T3: Description | V3: Description
A4: P74 Load - Ready to Validate | C4: Bag | E4: Primary | G4: Bio Degradable | K4: Recycle | M4: Afghanistan | O4: S165 | P4: 1701 | Q4: Approved | R4: Third Party Supplier/The Newt Branded | T4: Hours | V4: Hours
A5: New | C5: Bottle | E5: Secondary | G5: Cardboard | K5: Recycle With Bags at Large Supermarket | M5: Albania | O5: S45 | P5: Abpac | Q5: Approved | R5: Packaging Supplier | T5: Days | V5: Days
A6: Data Capture | C6: Box | E6: Tertiary | G6: Glass | K6: Don't Recycle | M6: Algeria | O6: S43 | P6: Alliance | Q6: Approved | R6: Packaging Supplier | T6: Weeks | V6: Weeks
A7: Pending Approval | C7: Case End Label | G7: Laminated Boards | K7: Recycle at Recycling Point | M7: American Samoa | O7: S155 | P7: Alpma GB Limited | Q7: Archived | R7: Packaging Supplier | T7: Months | V7: Months
A8: Approved | C8: Film | G8: Metal | K8: Recycle at Coffee Shop or Recycling Point | M8: Andorra | O8: S56 | P8: Amaretti Virginia | Q8: Approved | R8: 3rd party,3rd Party/newt branded,The Newt Branded | T8: Years | V8: Years
A9: Archived | C9: Jar (Glass) | G9: Paper | M9: Angola | O9: S42 | P9: Ambican | Q9: Approved | R9: Packaging Supplier | V9: Remainder of Life
A10: Delisted | C10: Lid | G10: Plastic | M10: Anguilla | O10: S38 | P10: Ampersand Dairy | Q10: Delisted | R10: Raw Material Supplier
C11: Netting | G11: Wood | M11: Antigua & Barbuda | O11: S57 | P11: Antonelli | Q11: Approved | R11: Raw Material Supplier
C12: Outer Case | M12: Argentina | O12: S61 | P12: Arthur David | Q12: Approved | R12: Raw Material Supplier
C13: Paper | M13: Armenia | O13: S177 | P13: Atlantic Distillery | Q13: Approved | R13: The Newt Branded
C14: Plasticoat | M14: Aruba | O14: S161 | P14: Atlas - Smurfit Westrock | Q14: Approved | R14: Packaging Supplier
C15: Ribbon | M15: Australia | O15: S46 | P15: Aubrey Allen | Q15: Archived | R15: Raw Material / Third Party Supplier
C16: Sachet | M16: Austria | O16: S173 | P16: Audrey's Chocolates | Q16: Approved | R16: 3rd Party/newt branded,Third Party Supplier/The Newt Branded
C17: Single Label | M17: Azerbaijan | O17: S36 | P17: Babylonstoren | Q17: Approved | R17: Raw Material / Third Party / The Newt Branded
C18: Sleeve | M18: Bahamas | O18: S136 | P18: Bagborough Farms | Q18: Approved | R18: Raw Material Supplier
C19: Soak Pad | M19: Bahrain | O19: S169 | P19: Bakery Bits | Q19: Approved | R19: Raw Material Supplier
C20: Tin | M20: Bangladesh | O20: S64 | P20: Beech Ridge Farm | Q20: Delisted | R20: Raw Material Supplier
C21: Topper | M21: Barbados | O21: S41 | P21: Bizerba UK | Q21: Approved | R21: Packaging Supplier
C22: Tray | M22: Belarus | O22: S7 | P22: Black Bee Honey | Q22: Approved | R22: Raw Material / Third Party Supplier
C23: Tub Pot | M23: Belgium | O23: S174 | P23: Boddington's Berries | Q23: Approved
C24: Unassigned | M24: Belize | O24: S62 | P24: Bridge Farm Quail | Q24: Delisted | R24: Raw Material Supplier
M25: Benin | O25: S39 | P25: Brue Valley | Q25: Approved | R25: Raw Material Supplier
M26: Bermuda | O26: S5 | P26: Bruton Dairies | Q26: Approved | R26: Raw Material / Third Party Supplier
M27: Bhutan | O27: S87 | P27: Canjoy New Materials Co | Q27: Approved | R27: Packaging Supplier
M28: Bolivia | O28: S9 | P28: Castlemead Poultry | Q28: Delisted | R28: Raw Material Supplier
M29: Bonaire | O29: S68 | P29: Cedar Packaging Group | Q29: Approved | R29: Packaging Supplier
M30: Bosnia & Herzegovina | O30: S52 | P30: Cheddar Ales | Q30: Delisted | R30: Raw Material / Third Party Supplier
M31: Botswana | O31: S142 | P31: Chesil Smokery | Q31: Approved | R31: 3rd Party/newt branded
M32: Brazil | O32: S113 | P32: Chew Valley | Q32: Approved | R32: 3rd Party/newt branded,Raw Material / Third Party / The Newt Branded,The Newt Branded
M33: Brunei | O33: S109 | P33: Chococo | Q33: Approved | R33: The Newt Branded,Third Party Supplier/The Newt Branded
M34: Bulgaria | O34: S99 | P34: Clarence & Bean | Q34: Approved | R34: 3rd party,The Newt Branded
M35: Burkina Faso | O35: S145 | P35: Classic Fine Foods | Q35: Approved | R35: 3rd party,Raw Material Supplier
M36: Burundi | O36: S106 | P36: CNS | Q36: Archived | R36: Raw Material Supplier,The Newt Branded
... M41: Cayman Islands | O41: S10 | P41: Creedy Carver Ltd | Q41: Approved | R41: Raw Material Supplier
M42: Central African Republic | O42: S176 | P42: Crown National | Q42: New
M43: Chad | O43: S77 | P43: CS Labels Ltd | Q43: Approved | R43: Packaging Supplier
M44: Chile | O44: S11 | P44: Curtiss Pitts Deer Services | Q44: Approved | R44: Raw Material Supplier
M45: China | O45: S150 | P45: DaklaPack | Q45: Approved | R45: Packaging Supplier
M46: Christmas Island | O46: S81 | P46: Danisco | Q46: Archived
M47: Cocos (Keeling) Islands | O47: S108 | P47: Distinctive Confectionary Ltd | Q47: Approved | R47: 3rd Party/newt branded,The Newt Branded,Third Party Supplier/The Newt Branded
M48: Colombia | O48: S50 | P48: Dorset Sea Salt | Q48: Approved | R48: Raw Material Supplier
M49: Comoros | O49: S12 | P49: Elliscombe Dairy Farm | Q49: Delisted | R49: Raw Material Supplier
M50: Cook Islands | O50: S71 | P50: Elliscombe Farm - Wadmans | Q50: Archived | R50: Raw Material Supplier
M51: Costa Rica | O51: S85 | P51: Essential | Q51: Archived | R51: Raw Material Supplier
M52: Croatia | O52: S13 | P52: Essential Trading Coop | Q52: Approved | R52: Raw Material Supplier
M53: Cuba | O53: S55 | P53: Essenza | Q53: Approved | R53: Raw Material Supplier
M54: Curaçao | O54: S37 | P54: Estate Kitchen | Q54: Approved | R54: RM Supplier & The Newt Branded
M55: Cyprus | O55: S70 | P55: Extract Coffee | Q55: Approved | R55: Third Party Supplier/The Newt Branded
M56: Czech Republic | O56: S66 | P56: Flying Fish Seafoods | Q56: Archived | R56: Raw Material Supplier
M57: Democratic Republic of the Congo | O57: S158 | P57: Foodnet | Q57: Approved | R57: Raw Material Supplier
M58: Denmark | O58: S60 | P58: Frenchbeer Farm | Q58: Approved | R58: Raw Material Supplier
... M68: Estonia | O68: S140 | P68: Honeywell Bakes | Q68: Approved | R68: 3rd Party/newt branded
M69: Eswatini (Swaziland) | O69: S72 | P69: Hunt's Food Group | Q69: Archived
M70: Ethiopia | O70: S132 | P70: ILPRA | Q70: Approved | R70: Packaging Supplier
M71: Falkland Islands | O71: S143 | P71: IN2FOOD | Q71: Approved | R71: Packaging Supplier
M72: Faroe Islands | O72: S157 | P72: Invopak | Q72: Approved | R72: Packaging Supplier
M73: Fiji | O73: S58 | P73: Isle Fruits (Somerset) Ltd | Q73: Archived | R73: RM Supplier & The Newt Branded
M74: Finland | O74: S86 | P74: JKM Foods | Q74: Approved | R74: Raw Material Supplier
M75: France | O75: S93 | P75: Kilo Chemical Distribution | Q75: Pending Approval | R75: Raw Material Supplier
M76: French Guiana | O76: S167 | P76: Kingdom Tea Brokers | Q76: Approved | R76: Third Party Supplier/The Newt Branded
M77: Gabon | O77: S178 | P77: Kitchen Garden Foods | Q77: Approved | R77: Third Party Supplier/The Newt Branded
M78: Gambia | O78: S122 | P78: Kite Packaging | Q78: Approved | R78: Packaging Supplier
M79: Georgia | O79: S148 | P79: La Chasse | Q79: Approved | R79: Raw Material Supplier
M80: Germany | O80: S2 | P80: Longman Cheese Ltd | Q80: Approved | R80: Raw Material / Third Party Supplier
M81: Ghana | O81: S18 | P81: Lovejoy | Q81: Archived | R81: Raw Material Supplier
... M116: Kyrgyzstan | O116: S21 | P116: Sandridge Farmhouse Bacon Ltd | Q116: Delisted | R116: Raw Material / Third Party / The Newt Branded
M117: Laos | O117: S100 | P117: Sarcina | Q117: New
M118: Latvia | O118: S40 | P118: Scobies | Q118: Approved | R118: Packaging Supplier,Raw Material Supplier
M119: Lebanon | O119: S23 | P119: Sharpham Park | Q119: Delisted | R119: Raw Material / Third Party Supplier
M120: Lesotho | O120: S1 | P120: Shipton Mill | Q120: Approved | R120: Raw Material Supplier
M121: Liberia | O121: S114 | P121: Shortbread House of Edinburgh | Q121: Approved | R121: 3rd Party/newt branded,The Newt Branded,Third Party Supplier/The Newt Branded
M122: Libya | O122: S182 | P122: Simply Roasted | Q122: Pending Approval | R122: 3rd Party/newt branded
M123: Liechtenstein | O123: S63 | P123: Sladesdown Farm | Q123: Archived | R123: Raw Material Supplier
M124: Lithuania | O124: S105 | P124: Snells | Q124: Approved | R124: Raw Material Supplier
M125: Luxembourg | O125: S144 | P125: Somerset Cider Brandy Company Ltd | Q125: Approved | R125: Raw Material / Third Party Supplier,Raw Material Supplier
M126: Macedonia | O126: S97 | P126: Somerset Spirit Company | Q126: Approved | R126: RM Supplier & The Newt Branded
M127: Madagascar | O127: S116 | P127: Stag Bakeries | Q127: Approved | R127: 3rd Party/newt branded,The Newt Branded,Third Party Supplier/The Newt Branded
M128: Malawi | O128: S22 | P128: Stavordale | Q128: Archived | R128: Raw Material / Third Party Supplier
M129: Malaysia | O129: S172 | P129: Steenbergs Ltd | Q129: Approved | R129: 3rd Party/newt branded
M130: Maldives | O130: S104 | P130: Stillmans Slaughterhouse | Q130: Approved | R130: Raw Material Supplier
M131: Mali | O131: S170 | P131: Swiss Pack | Q131: New
M132: Malta | O132: S83 | P132: Systempak | Q132: Approved | R132: Packaging Supplier
M133: Marshall Islands | O133: S8 | P133: The Blackmore Vale Butchery | Q133: Delisted | R133: Raw Material Supplier
M134: Martinique (French) | O134: S48 | P134: The Cake Decorating Co. | Q134: Approved | R134: Packaging Supplier
M135: Mauritania | O135: S107 | P135: The Chocolate Society | Q135: Approved | R135: The Newt Branded,Third Party Supplier/The Newt Branded
M136: Mauritius | O136: S51 | P136: The Edinburgh Butter Company | Q136: Archived | R136: Raw Material Supplier
M137: Mexico | O137: S137 | P137: The Estate Dairy | Q137: Approved
M138: Micronesia | O138: S25 | P138: The Fine Cheese Co. | Q138: Delisted | R138: Raw Material / Third Party Supplier
M139: Moldova | O139: S14 | P139: The Fine Food Company | Q139: Approved | R139: 3rd party,Raw Material Supplier
M140: Monaco | O140: S171 | P140: The Future Candy Company | Q140: Approved | R140: 3rd Party/newt branded,Third Party Supplier/The Newt Branded
M141: Mongolia | O141: S26 | P141: The Meat Men | Q141: Pending Approval | R141: Raw Material Supplier
M142: Montenegro | O142: S153 | P142: The Newt Avalon Borehole | Q142: Approved | R142: Raw Material Supplier
M143: Montserrat | O143: S146 | P143: The Newt Bakery | Q143: Approved
M144: Morocco | O144: S75 | P144: The Newt Buffalo Farm | Q144: Approved | R144: Raw Material Supplier
M145: Mozambique | O145: S34 | P145: The Newt Butchery | Q145: Approved | R145: RM Supplier & The Newt Branded
M146: Myanmar (Burma) | O146: S88 | P146: The Newt Creamery | Q146: Approved | R146: RM Supplier & The Newt Branded
M147: Namibia | O147: S35 | P147: The Newt Cyder Cellar | Q147: Approved | R147: RM Supplier & The Newt Branded
M148: Nauru | O148: S96 | P148: The Newt Greengrocer | Q148: Approved | R148: RM Supplier & The Newt Branded
...
